timestamp,device,account,voltage,motion
2019-11-10T22:45:35.877000+01:00,F46F6,dummy_user_1,2.5,101
2019-11-10T23:45:49.327000+01:00,F46F6,dummy_user_1,2.5,0
2019-11-11T00:46:02.123000+01:00,F46F6,dummy_user_1,2.5,0
2019-11-11T01:46:14.377000+01:00,F46F6,dummy_user_1,2.5,0
2019-11-11T02:46:27.213000+01:00,F46F6,dummy_user_1,2.5,0
2019-11-11T03:46:39.474000+01:00,F46F6,dummy_user_1,2.5,0
2019-11-11T04:46:51.660000+01:00,F46F6,dummy_user_1,2.5,0
2019-11-11T05:47:05.359000+01:00,F46F6,dummy_user_1,2.5,0
2019-11-11T06:47:17.258000+01:00,F46F6,dummy_user_1,2.5,0
2019-11-11T07:47:30.267000+01:00,F46F6,dummy_user_1,2.5,0
2019-11-11T08:47:43.538000+01:00,F46F6,dummy_user_1,2.5,3
2019-11-11T09:47:55.089000+01:00,F46F6,dummy_user_1,2.5,0
2019-11-11T10:48:07.646000+01:00,F46F6,dummy_user_1,2.5,7
2019-11-11T11:48:19.284000+01:00,F46F6,dummy_user_1,2.5,153
2019-11-11T12:48:32.125000+01:00,F46F6,dummy_user_1,2.5,20
2019-11-11T13:48:44.611000+01:00,F46F6,dummy_user_1,2.5,78
2019-11-11T14:48:57.943000+01:00,F46F6,dummy_user_1,2.5,216
2019-11-11T15:49:09.861000+01:00,F46F6,dummy_user_1,2.5,131
2019-11-11T16:49:21.817000+01:00,F46F6,dummy_user_1,2.5,0
2019-11-11T17:49:34.513000+01:00,F46F6,dummy_user_1,2.5,0
2019-11-11T18:49:47.691000+01:00,F46F6,dummy_user_1,2.5,46
2019-11-11T19:49:59.998000+01:00,F46F6,dummy_user_1,2.5,112
2019-11-11T20:50:11.746000+01:00,F46F6,dummy_user_1,2.5,99
2019-11-11T21:50:25.924000+01:00,F46F6,dummy_user_1,2.5,255
2019-11-11T22:50:38.179000+01:00,F46F6,dummy_user_1,2.5,99
2019-11-11T23:50:53.618000+01:00,F46F6,dummy_user_1,2.5,0
2019-11-12T00:51:03.666000+01:00,F46F6,dummy_user_1,2.5,0
2019-11-12T01:51:16.028000+01:00,F46F6,dummy_user_1,2.5,0
2019-11-12T02:51:28.281000+01:00,F46F6,dummy_user_1,2.5,0
2019-11-12T03:51:40.486000+01:00,F46F6,dummy_user_1,2.5,0
2019-11-12T04:51:54.344000+01:00,F46F6,dummy_user_1,2.5,0
2019-11-12T05:52:07.062000+01:00,F46F6,dummy_user_1,2.5,0
2019-11-12T06:52:19.312000+01:00,F46F6,dummy_user_1,2.5,0
2019-11-12T07:52:32.149000+01:00,F46F6,dummy_user_1,2.5,5
2019-11-12T08:52:44.698000+01:00,F46F6,dummy_user_1,2.5,5
2019-11-12T09:52:57.320000+01:00,F46F6,dummy_user_1,2.5,0
2019-11-12T10:53:09.845000+01:00,F46F6,dummy_user_1,2.5,7
2019-11-12T11:53:50.770000+01:00,F46F6,dummy_user_1,2.5,171
2019-11-12T12:53:35.680000+01:00,F46F6,dummy_user_1,2.5,47
2019-11-12T13:53:47.922000+01:00,F46F6,dummy_user_1,2.5,24
2019-11-12T14:53:59.751000+01:00,F46F6,dummy_user_1,2.5,255
2019-11-12T15:54:13.254000+01:00,F46F6,dummy_user_1,2.5,225
2019-11-12T16:54:24.618000+01:00,F46F6,dummy_user_1,2.5,7
2019-11-12T17:54:38.141000+01:00,F46F6,dummy_user_1,2.5,0
2019-11-12T18:54:50.111000+01:00,F46F6,dummy_user_1,2.5,112
2019-11-12T19:55:03.113000+01:00,F46F6,dummy_user_1,2.5,118
2019-11-12T20:55:14.729000+01:00,F46F6,dummy_user_1,2.5,87
2019-11-12T21:55:27.709000+01:00,F46F6,dummy_user_1,2.5,255
2019-11-12T22:55:40.845000+01:00,F46F6,dummy_user_1,2.5,0
2019-11-12T23:55:54.412000+01:00,F46F6,dummy_user_1,2.5,0
2019-11-13T00:56:06.391000+01:00,F46F6,dummy_user_1,2.5,0
2019-11-13T01:56:18.727000+01:00,F46F6,dummy_user_1,2.5,0
2019-11-13T02:56:31.954000+01:00,F46F6,dummy_user_1,2.5,0
2019-11-13T03:56:44.455000+01:00,F46F6,dummy_user_1,2.5,0
2019-11-13T04:56:56.989000+01:00,F46F6,dummy_user_1,2.5,0
2019-11-13T05:57:09.872000+01:00,F46F6,dummy_user_1,2.5,0
2019-11-13T06:57:22.184000+01:00,F46F6,dummy_user_1,2.5,0
2019-11-13T07:57:35.046000+01:00,F46F6,dummy_user_1,2.5,4
2019-11-13T08:57:47.230000+01:00,F46F6,dummy_user_1,2.5,6
2019-11-13T09:57:59.170000+01:00,F46F6,dummy_user_1,2.5,0
2019-11-13T10:58:12.691000+01:00,F46F6,dummy_user_1,2.5,50
2019-11-13T11:58:25.493000+01:00,F46F6,dummy_user_1,2.5,138
2019-11-13T12:58:37.727000+01:00,F46F6,dummy_user_1,2.5,24
2019-11-13T13:58:51.051000+01:00,F46F6,dummy_user_1,2.5,100
2019-11-13T14:59:04.182000+01:00,F46F6,dummy_user_1,2.5,165
2019-11-13T15:59:16.067000+01:00,F46F6,dummy_user_1,2.5,97
2019-11-13T16:59:29.264000+01:00,F46F6,dummy_user_1,2.5,0
2019-11-13T17:59:41.479000+01:00,F46F6,dummy_user_1,2.5,178
2019-11-13T18:59:54.816000+01:00,F46F6,dummy_user_1,2.5,255
2019-11-13T20:00:06.795000+01:00,F46F6,dummy_user_1,2.5,102
2019-11-13T21:00:19.836000+01:00,F46F6,dummy_user_1,2.5,108
2019-11-13T22:00:31.625000+01:00,F46F6,dummy_user_1,2.5,255
2019-11-13T23:00:44.942000+01:00,F46F6,dummy_user_1,2.5,0
2019-11-14T00:00:58.154000+01:00,F46F6,dummy_user_1,2.5,0
2019-11-14T01:01:09.731000+01:00,F46F6,dummy_user_1,2.5,0
2019-11-14T02:01:22.938000+01:00,F46F6,dummy_user_1,2.5,0
2019-11-14T03:01:35.412000+01:00,F46F6,dummy_user_1,2.5,0
2019-11-14T04:01:47.374000+01:00,F46F6,dummy_user_1,2.5,0
2019-11-14T05:02:00.694000+01:00,F46F6,dummy_user_1,2.5,0
2019-11-14T06:02:12.977000+01:00,F46F6,dummy_user_1,2.5,0
2019-11-14T07:02:25.613000+01:00,F46F6,dummy_user_1,2.5,0
2019-11-14T08:02:38.789000+01:00,F46F6,dummy_user_1,2.5,0
2019-11-14T09:02:51.463000+01:00,F46F6,dummy_user_1,2.5,5
2019-11-14T10:03:03.667000+01:00,F46F6,dummy_user_1,2.5,0
2019-11-14T11:03:16.457000+01:00,F46F6,dummy_user_1,2.5,55
2019-11-14T12:03:29.196000+01:00,F46F6,dummy_user_1,2.5,55
2019-11-14T13:03:42.388000+01:00,F46F6,dummy_user_1,2.5,22
2019-11-14T14:03:55.099000+01:00,F46F6,dummy_user_1,2.5,37
2019-11-14T15:04:07.412000+01:00,F46F6,dummy_user_1,2.5,255
2019-11-14T16:05:05.906000+01:00,F46F6,dummy_user_1,2.5,108
2019-11-14T17:04:33.213000+01:00,F46F6,dummy_user_1,2.5,0
2019-11-14T18:04:46.080000+01:00,F46F6,dummy_user_1,2.5,69
2019-11-14T19:04:58.414000+01:00,F46F6,dummy_user_1,2.5,178
2019-11-14T20:05:11.050000+01:00,F46F6,dummy_user_1,2.5,125
2019-11-14T21:05:23.543000+01:00,F46F6,dummy_user_1,2.5,129
2019-11-14T22:05:36.162000+01:00,F46F6,dummy_user_1,2.5,255
2019-11-14T23:05:48.616000+01:00,F46F6,dummy_user_1,2.5,0
2019-11-15T00:06:00.457000+01:00,F46F6,dummy_user_1,2.5,6
2019-11-15T01:06:13.926000+01:00,F46F6,dummy_user_1,2.5,0
2019-11-15T02:06:26.804000+01:00,F46F6,dummy_user_1,2.5,0
2019-11-15T03:06:39.526000+01:00,F46F6,dummy_user_1,2.5,0
2019-11-15T04:06:51.552000+01:00,F46F6,dummy_user_1,2.5,0
2019-11-15T05:07:04.590000+01:00,F46F6,dummy_user_1,2.5,0
2019-11-15T06:07:17.278000+01:00,F46F6,dummy_user_1,2.5,0
2019-11-15T07:07:30.108000+01:00,F46F6,dummy_user_1,2.5,0
2019-11-15T08:07:42.873000+01:00,F46F6,dummy_user_1,2.5,4
2019-11-15T09:07:55.664000+01:00,F46F6,dummy_user_1,2.5,5
2019-11-15T10:08:07.799000+01:00,F46F6,dummy_user_1,2.5,0
2019-11-15T11:08:29.347000+01:00,F46F6,dummy_user_1,2.5,37
2019-11-15T12:08:34.869000+01:00,F46F6,dummy_user_1,2.5,34
2019-11-15T13:08:45.536000+01:00,F46F6,dummy_user_1,2.5,15
2019-11-15T14:08:58.306000+01:00,F46F6,dummy_user_1,2.5,121
2019-11-15T15:09:09.818000+01:00,F46F6,dummy_user_1,2.5,255
2019-11-15T16:09:22.773000+01:00,F46F6,dummy_user_1,2.5,81
2019-11-15T17:09:35.921000+01:00,F46F6,dummy_user_1,2.5,14
2019-11-15T18:09:48.540000+01:00,F46F6,dummy_user_1,2.5,46
2019-11-15T19:10:01.681000+01:00,F46F6,dummy_user_1,2.5,197
2019-11-15T20:10:13.560000+01:00,F46F6,dummy_user_1,2.5,139
2019-11-15T21:10:26.824000+01:00,F46F6,dummy_user_1,2.5,94
2019-11-15T22:10:39.413000+01:00,F46F6,dummy_user_1,2.5,57
2019-11-15T23:10:51.532000+01:00,F46F6,dummy_user_1,2.5,0
2019-11-16T00:11:05.166000+01:00,F46F6,dummy_user_1,2.5,0
2019-11-16T01:11:17.035000+01:00,F46F6,dummy_user_1,2.5,0
2019-11-16T02:11:29.716000+01:00,F46F6,dummy_user_1,2.5,0
2019-11-16T03:11:41.858000+01:00,F46F6,dummy_user_1,2.5,0
2019-11-16T04:11:54.241000+01:00,F46F6,dummy_user_1,2.5,0
2019-11-16T05:12:07.625000+01:00,F46F6,dummy_user_1,2.5,0
2019-11-16T06:12:19.754000+01:00,F46F6,dummy_user_1,2.5,0
2019-11-16T07:12:32.151000+01:00,F46F6,dummy_user_1,2.5,0
2019-11-16T08:12:45.341000+01:00,F46F6,dummy_user_1,2.5,11
2019-11-16T09:12:57.599000+01:00,F46F6,dummy_user_1,2.5,8
2019-11-16T10:13:10.572000+01:00,F46F6,dummy_user_1,2.5,6
2019-11-16T11:13:22.846000+01:00,F46F6,dummy_user_1,2.5,139
2019-11-16T12:13:35.631000+01:00,F46F6,dummy_user_1,2.5,79
2019-11-16T13:13:47.833000+01:00,F46F6,dummy_user_1,2.5,39
2019-11-16T14:14:00.816000+01:00,F46F6,dummy_user_1,2.5,148
2019-11-16T15:14:14.373000+01:00,F46F6,dummy_user_1,2.5,255
2019-11-16T16:14:26.258000+01:00,F46F6,dummy_user_1,2.5,255
2019-11-16T17:14:39.185000+01:00,F46F6,dummy_user_1,2.5,128
2019-11-16T18:14:51.529000+01:00,F46F6,dummy_user_1,2.5,255
2019-11-16T19:15:03.182000+01:00,F46F6,dummy_user_1,2.5,204
2019-11-16T20:15:16.557000+01:00,F46F6,dummy_user_1,2.5,126
2019-11-16T21:15:29.347000+01:00,F46F6,dummy_user_1,2.5,77
2019-11-16T22:15:42.555000+01:00,F46F6,dummy_user_1,2.5,255
2019-11-16T23:15:54.366000+01:00,F46F6,dummy_user_1,2.5,0
2019-11-17T00:16:07.856000+01:00,F46F6,dummy_user_1,2.5,0
2019-11-17T01:16:19.834000+01:00,F46F6,dummy_user_1,2.5,0
2019-11-17T02:16:32.094000+01:00,F46F6,dummy_user_1,2.5,0
2019-11-17T03:16:45.438000+01:00,F46F6,dummy_user_1,2.5,0
2019-11-17T04:16:58.075000+01:00,F46F6,dummy_user_1,2.5,0
2019-11-17T05:17:09.914000+01:00,F46F6,dummy_user_1,2.5,0
2019-11-17T06:17:23.384000+01:00,F46F6,dummy_user_1,2.5,0
2019-11-17T07:17:35.512000+01:00,F46F6,dummy_user_1,2.5,0
2019-11-17T08:17:48.395000+01:00,F46F6,dummy_user_1,2.5,2
2019-11-17T09:18:01.943000+01:00,F46F6,dummy_user_1,2.5,6
2019-11-17T10:18:13.755000+01:00,F46F6,dummy_user_1,2.5,48
2019-11-17T11:18:26.972000+01:00,F46F6,dummy_user_1,2.5,150
2019-11-17T12:18:40.147000+01:00,F46F6,dummy_user_1,2.5,61
2019-11-17T13:18:53.141000+01:00,F46F6,dummy_user_1,2.5,55
2019-11-17T14:19:05.866000+01:00,F46F6,dummy_user_1,2.5,137
2019-11-17T15:19:18.404000+01:00,F46F6,dummy_user_1,2.5,113
2019-11-17T16:19:31.462000+01:00,F46F6,dummy_user_1,2.5,255
2019-11-17T17:19:44.818000+01:00,F46F6,dummy_user_1,2.5,69
2019-11-17T18:19:57.056000+01:00,F46F6,dummy_user_1,2.5,114
2019-11-17T19:20:09.496000+01:00,F46F6,dummy_user_1,2.5,121
2019-11-17T20:20:21.142000+01:00,F46F6,dummy_user_1,2.5,149
2019-11-17T21:20:33.877000+01:00,F46F6,dummy_user_1,2.5,158
2019-11-17T22:20:46.419000+01:00,F46F6,dummy_user_1,2.5,200
2019-11-10T22:31:11.443000+01:00,F4641,dummy_user_3,2.4,2
2019-11-10T23:31:23.730000+01:00,F4641,dummy_user_3,2.4,38
2019-11-10T23:52:13.046000+01:00,F4641,dummy_user_3,2.4,0
2019-11-11T00:27:41.618000+01:00,F4641,dummy_user_3,2.4,1
2019-11-11T01:27:54.540000+01:00,F4641,dummy_user_3,2.4,83
2019-11-11T02:28:07.608000+01:00,F4641,dummy_user_3,2.4,34
2019-11-11T03:28:20.225000+01:00,F4641,dummy_user_3,2.4,0
2019-11-11T04:28:33.302000+01:00,F4641,dummy_user_3,2.4,0
2019-11-11T05:28:45.665000+01:00,F4641,dummy_user_3,2.4,0
2019-11-11T06:28:58.102000+01:00,F4641,dummy_user_3,2.4,0
2019-11-11T07:29:11.627000+01:00,F4641,dummy_user_3,2.4,0
2019-11-11T08:29:23.762000+01:00,F4641,dummy_user_3,2.4,0
2019-11-11T09:29:36.118000+01:00,F4641,dummy_user_3,2.4,0
2019-11-11T10:29:49.887000+01:00,F4641,dummy_user_3,2.4,163
2019-11-11T11:30:02.139000+01:00,F4641,dummy_user_3,2.4,74
2019-11-11T12:17:07.400000+01:00,F4641,dummy_user_3,2.4,255
2019-11-11T13:10:04.553000+01:00,F4641,dummy_user_3,2.4,186
2019-11-11T14:10:17.202000+01:00,F4641,dummy_user_3,2.4,215
2019-11-11T14:51:20.045000+01:00,F4641,dummy_user_3,2.4,52
2019-11-11T15:40:56.184000+01:00,F4641,dummy_user_3,2.4,76
2019-11-11T16:14:33.678000+01:00,F4641,dummy_user_3,2.4,0
2019-11-11T17:14:49.338000+01:00,F4641,dummy_user_3,2.4,67
2019-11-11T18:14:58.651000+01:00,F4641,dummy_user_3,2.4,51
2019-11-11T18:39:05.773000+01:00,F4641,dummy_user_3,2.4,35
2019-11-11T19:39:17.865000+01:00,F4641,dummy_user_3,2.4,120
2019-11-11T20:01:17.219000+01:00,F4641,dummy_user_3,2.4,64
2019-11-11T20:35:21.338000+01:00,F4641,dummy_user_3,2.4,34
2019-11-11T21:33:58.718000+01:00,F4641,dummy_user_3,2.4,255
2019-11-11T22:16:17.761000+01:00,F4641,dummy_user_3,2.4,67
2019-11-11T22:54:36.833000+01:00,F4641,dummy_user_3,2.4,18
2019-11-11T23:28:13.019000+01:00,F4641,dummy_user_3,2.4,7
2019-11-12T00:01:49.284000+01:00,F4641,dummy_user_3,2.4,1
2019-11-12T00:37:19.169000+01:00,F4641,dummy_user_3,2.4,37
2019-11-12T01:37:32.134000+01:00,F4641,dummy_user_3,2.4,43
2019-11-12T02:37:45.991000+01:00,F4641,dummy_user_3,2.4,0
2019-11-12T03:37:57.888000+01:00,F4641,dummy_user_3,2.4,0
2019-11-12T04:38:10.196000+01:00,F4641,dummy_user_3,2.4,0
2019-11-12T05:38:23.544000+01:00,F4641,dummy_user_3,2.4,0
2019-11-12T06:38:35.908000+01:00,F4641,dummy_user_3,2.4,0
2019-11-12T07:38:49.376000+01:00,F4641,dummy_user_3,2.4,0
2019-11-12T08:39:01.905000+01:00,F4641,dummy_user_3,2.4,0
2019-11-12T09:39:14.032000+01:00,F4641,dummy_user_3,2.4,0
2019-11-12T10:39:26.929000+01:00,F4641,dummy_user_3,2.4,131
2019-11-12T11:39:39.005000+01:00,F4641,dummy_user_3,2.4,81
2019-11-12T12:39:52.790000+01:00,F4641,dummy_user_3,2.4,66
2019-11-12T13:40:05.371000+01:00,F4641,dummy_user_3,2.4,255
2019-11-12T14:40:17.898000+01:00,F4641,dummy_user_3,2.4,178
2019-11-12T14:57:36.257000+01:00,F4641,dummy_user_3,2.4,21
2019-11-12T15:39:59.930000+01:00,F4641,dummy_user_3,2.4,59
2019-11-12T16:14:56.336000+01:00,F4641,dummy_user_3,2.4,2
2019-11-12T17:08:03.512000+01:00,F4641,dummy_user_3,2.4,57
2019-11-12T17:48:20.980000+01:00,F4641,dummy_user_3,2.4,80
2019-11-12T18:48:34.395000+01:00,F4641,dummy_user_3,2.4,84
2019-11-12T19:48:46.983000+01:00,F4641,dummy_user_3,2.4,171
2019-11-12T20:48:59.851000+01:00,F4641,dummy_user_3,2.4,114
2019-11-12T21:03:09.339000+01:00,F4641,dummy_user_3,2.4,46
2019-11-12T21:49:37.812000+01:00,F4641,dummy_user_3,2.4,170
2019-11-12T22:29:09.726000+01:00,F4641,dummy_user_3,2.4,21
2019-11-12T23:03:24.118000+01:00,F4641,dummy_user_3,2.4,6
2019-11-12T23:43:26.551000+01:00,F4641,dummy_user_3,2.4,0
2019-11-13T00:17:53.424000+01:00,F4641,dummy_user_3,2.4,1
2019-11-13T01:15:53.892000+01:00,F4641,dummy_user_3,2.4,62
2019-11-13T02:16:05.510000+01:00,F4641,dummy_user_3,2.4,79
2019-11-13T03:16:17.919000+01:00,F4641,dummy_user_3,2.4,0
2019-11-13T04:16:31.344000+01:00,F4641,dummy_user_3,2.4,0
2019-11-13T05:16:43.686000+01:00,F4641,dummy_user_3,2.4,0
2019-11-13T06:16:56.053000+01:00,F4641,dummy_user_3,2.4,0
2019-11-13T07:17:09.360000+01:00,F4641,dummy_user_3,2.4,0
2019-11-13T08:17:21.729000+01:00,F4641,dummy_user_3,2.4,0
2019-11-13T09:17:34.086000+01:00,F4641,dummy_user_3,2.4,0
2019-11-13T10:17:47.425000+01:00,F4641,dummy_user_3,2.4,71
2019-11-13T10:24:17.348000+01:00,F4641,dummy_user_3,2.4,10
2019-11-13T11:24:29.965000+01:00,F4641,dummy_user_3,2.4,59
2019-11-13T12:24:42.614000+01:00,F4641,dummy_user_3,2.4,81
2019-11-13T12:44:54.795000+01:00,F4641,dummy_user_3,2.4,11
2019-11-13T13:20:33.745000+01:00,F4641,dummy_user_3,2.4,151
2019-11-13T14:20:46.275000+01:00,F4641,dummy_user_3,2.4,255
2019-11-13T14:48:18.474000+01:00,F4641,dummy_user_3,2.4,99
2019-11-13T15:48:31.340000+01:00,F4641,dummy_user_3,2.4,19
2019-11-13T16:01:41.559000+01:00,F4641,dummy_user_3,2.4,27
2019-11-13T16:55:03.800000+01:00,F4641,dummy_user_3,2.4,101
2019-11-13T17:30:37.269000+01:00,F4641,dummy_user_3,2.4,125
2019-11-13T18:30:48.620000+01:00,F4641,dummy_user_3,2.4,52
2019-11-13T18:56:35.699000+01:00,F4641,dummy_user_3,2.4,122
2019-11-13T19:29:48.041000+01:00,F4641,dummy_user_3,2.4,25
2019-11-13T20:02:44.166000+01:00,F4641,dummy_user_3,2.4,19
2019-11-13T20:50:30.011000+01:00,F4641,dummy_user_3,2.4,110
2019-11-13T21:23:00.212000+01:00,F4641,dummy_user_3,2.4,123
2019-11-13T21:57:27.522000+01:00,F4641,dummy_user_3,2.4,12
2019-11-13T22:33:46.715000+01:00,F4641,dummy_user_3,2.4,27
2019-11-13T23:15:12.322000+01:00,F4641,dummy_user_3,2.4,3
2019-11-13T23:57:03.328000+01:00,F4641,dummy_user_3,2.4,5
2019-11-14T00:57:15.430000+01:00,F4641,dummy_user_3,2.4,52
2019-11-14T01:57:27.927000+01:00,F4641,dummy_user_3,2.4,0
2019-11-14T02:57:41.304000+01:00,F4641,dummy_user_3,2.4,0
2019-11-14T03:57:53.642000+01:00,F4641,dummy_user_3,2.4,0
2019-11-14T04:58:06.003000+01:00,F4641,dummy_user_3,2.4,0
2019-11-14T05:58:19.334000+01:00,F4641,dummy_user_3,2.4,0
2019-11-14T06:58:31.842000+01:00,F4641,dummy_user_3,2.4,0
2019-11-14T07:58:45.154000+01:00,F4641,dummy_user_3,2.4,0
2019-11-14T08:58:57.545000+01:00,F4641,dummy_user_3,2.4,0
2019-11-14T09:54:06.707000+01:00,F4641,dummy_user_3,2.4,55
2019-11-14T10:27:17.908000+01:00,F4641,dummy_user_3,2.4,127
2019-11-14T11:08:31.594000+01:00,F4641,dummy_user_3,2.4,67
2019-11-14T11:55:58.968000+01:00,F4641,dummy_user_3,2.4,84
2019-11-14T12:56:12.067000+01:00,F4641,dummy_user_3,2.4,117
2019-11-14T13:42:17.957000+01:00,F4641,dummy_user_3,2.4,255
2019-11-14T14:42:30.662000+01:00,F4641,dummy_user_3,2.4,255
2019-11-14T15:03:46.237000+01:00,F4641,dummy_user_3,2.4,71
2019-11-14T15:36:16.961000+01:00,F4641,dummy_user_3,2.4,28
2019-11-14T16:08:50.804000+01:00,F4641,dummy_user_3,2.4,1
2019-11-14T17:09:02.984000+01:00,F4641,dummy_user_3,2.4,85
2019-11-14T17:42:49.585000+01:00,F4641,dummy_user_3,2.4,40
2019-11-14T18:36:20.315000+01:00,F4641,dummy_user_3,2.4,22
2019-11-14T19:12:42.613000+01:00,F4641,dummy_user_3,2.4,23
2019-11-14T20:12:55.349000+01:00,F4641,dummy_user_3,2.4,62
2019-11-14T20:16:52.106000+01:00,F4641,dummy_user_3,2.4,17
2019-11-14T20:50:31.206000+01:00,F4641,dummy_user_3,2.4,111
2019-11-14T21:23:28.605000+01:00,F4641,dummy_user_3,2.4,7
2019-11-14T21:56:06.759000+01:00,F4641,dummy_user_3,2.4,0
2019-11-14T22:29:07.717000+01:00,F4641,dummy_user_3,2.4,0
2019-11-14T23:01:53.548000+01:00,F4641,dummy_user_3,2.4,0
2019-11-14T23:39:25.921000+01:00,F4641,dummy_user_3,2.4,24
2019-11-15T00:39:38.233000+01:00,F4641,dummy_user_3,2.4,86
2019-11-15T01:39:50.631000+01:00,F4641,dummy_user_3,2.4,0
2019-11-15T02:40:03.022000+01:00,F4641,dummy_user_3,2.4,0
2019-11-15T03:40:16.346000+01:00,F4641,dummy_user_3,2.4,0
2019-11-15T04:40:28.840000+01:00,F4641,dummy_user_3,2.4,0
2019-11-15T05:40:42.095000+01:00,F4641,dummy_user_3,2.4,0
2019-11-15T06:40:54.499000+01:00,F4641,dummy_user_3,2.4,0
2019-11-15T07:41:07.031000+01:00,F4641,dummy_user_3,2.4,0
2019-11-15T08:41:20.214000+01:00,F4641,dummy_user_3,2.4,0
2019-11-15T09:41:32.852000+01:00,F4641,dummy_user_3,2.4,0
2019-11-15T10:41:44.723000+01:00,F4641,dummy_user_3,2.4,14
2019-11-15T11:41:58.143000+01:00,F4641,dummy_user_3,2.4,77
2019-11-15T12:30:45.510000+01:00,F4641,dummy_user_3,2.4,22
2019-11-15T13:05:52.743000+01:00,F4641,dummy_user_3,2.4,11
2019-11-15T13:40:06.757000+01:00,F4641,dummy_user_3,2.4,41
2019-11-15T14:40:18.314000+01:00,F4641,dummy_user_3,2.4,89
2019-11-15T14:49:33.572000+01:00,F4641,dummy_user_3,2.4,81
2019-11-15T15:38:07.037000+01:00,F4641,dummy_user_3,2.4,70
2019-11-15T16:19:41.994000+01:00,F4641,dummy_user_3,2.4,215
2019-11-15T16:54:42.780000+01:00,F4641,dummy_user_3,2.4,255
2019-11-15T17:54:56.124000+01:00,F4641,dummy_user_3,2.4,232
2019-11-15T18:32:20.669000+01:00,F4641,dummy_user_3,2.4,145
2019-11-15T19:05:25.625000+01:00,F4641,dummy_user_3,2.4,0
2019-11-15T19:38:38.785000+01:00,F4641,dummy_user_3,2.4,29
2019-11-15T20:13:11.743000+01:00,F4641,dummy_user_3,2.4,58
2019-11-15T20:47:47.138000+01:00,F4641,dummy_user_3,2.4,60
2019-11-15T21:21:40.203000+01:00,F4641,dummy_user_3,2.4,6
2019-11-15T21:56:18.556000+01:00,F4641,dummy_user_3,2.4,0
2019-11-15T22:28:53.325000+01:00,F4641,dummy_user_3,2.4,0
2019-11-15T23:01:49.003000+01:00,F4641,dummy_user_3,2.4,0
2019-11-15T23:34:58.948000+01:00,F4641,dummy_user_3,2.4,18
2019-11-16T00:08:38.071000+01:00,F4641,dummy_user_3,2.4,18
2019-11-16T01:08:50.842000+01:00,F4641,dummy_user_3,2.4,48
2019-11-16T02:09:04.113000+01:00,F4641,dummy_user_3,2.4,0
2019-11-16T03:09:16.443000+01:00,F4641,dummy_user_3,2.4,0
2019-11-16T04:09:28.904000+01:00,F4641,dummy_user_3,2.4,0
2019-11-16T05:09:42.222000+01:00,F4641,dummy_user_3,2.4,0
2019-11-16T06:09:54.609000+01:00,F4641,dummy_user_3,2.4,0
2019-11-16T07:10:07.057000+01:00,F4641,dummy_user_3,2.4,0
2019-11-16T08:10:20.328000+01:00,F4641,dummy_user_3,2.4,0
2019-11-16T09:10:32.644000+01:00,F4641,dummy_user_3,2.4,0
2019-11-16T10:10:46.143000+01:00,F4641,dummy_user_3,2.4,0
2019-11-16T10:27:46.403000+01:00,F4641,dummy_user_3,2.4,29
2019-11-16T11:27:59.384000+01:00,F4641,dummy_user_3,2.4,74
2019-11-16T12:23:42.503000+01:00,F4641,dummy_user_3,2.4,60
2019-11-16T13:16:10.857000+01:00,F4641,dummy_user_3,2.4,47
2019-11-16T13:52:32.356000+01:00,F4641,dummy_user_3,2.4,0
2019-11-16T14:25:30.625000+01:00,F4641,dummy_user_3,2.4,54
2019-11-16T14:58:47.044000+01:00,F4641,dummy_user_3,2.4,67
2019-11-16T15:31:57.671000+01:00,F4641,dummy_user_3,2.4,55
2019-11-16T16:04:28.145000+01:00,F4641,dummy_user_3,2.4,39
2019-11-16T17:04:41.243000+01:00,F4641,dummy_user_3,2.4,0
2019-11-16T18:04:53.556000+01:00,F4641,dummy_user_3,2.4,0
2019-11-16T18:39:53.808000+01:00,F4641,dummy_user_3,2.4,11
2019-11-16T19:13:53.186000+01:00,F4641,dummy_user_3,2.4,27
2019-11-16T19:47:40.787000+01:00,F4641,dummy_user_3,2.4,46
2019-11-16T20:21:55.170000+01:00,F4641,dummy_user_3,2.4,99
2019-11-16T20:54:56.233000+01:00,F4641,dummy_user_3,2.4,71
2019-11-16T21:27:41.989000+01:00,F4641,dummy_user_3,2.4,93
2019-11-16T22:00:50.861000+01:00,F4641,dummy_user_3,2.4,27
2019-11-16T22:36:46.393000+01:00,F4641,dummy_user_3,2.4,23
2019-11-16T23:36:58.906000+01:00,F4641,dummy_user_3,2.4,69
2019-11-17T00:37:12.119000+01:00,F4641,dummy_user_3,2.4,0
2019-11-17T01:37:24.521000+01:00,F4641,dummy_user_3,2.4,0
2019-11-17T02:37:36.890000+01:00,F4641,dummy_user_3,2.4,0
2019-11-17T03:37:50.388000+01:00,F4641,dummy_user_3,2.4,0
2019-11-17T04:38:03.069000+01:00,F4641,dummy_user_3,2.4,0
2019-11-17T05:38:15.067000+01:00,F4641,dummy_user_3,2.4,0
2019-11-17T06:38:28.421000+01:00,F4641,dummy_user_3,2.4,0
2019-11-17T07:38:40.895000+01:00,F4641,dummy_user_3,2.4,0
2019-11-17T08:38:54.604000+01:00,F4641,dummy_user_3,2.4,0
2019-11-17T09:39:06.501000+01:00,F4641,dummy_user_3,2.4,0
2019-11-17T10:28:23.927000+01:00,F4641,dummy_user_3,2.4,40
2019-11-17T11:28:36.845000+01:00,F4641,dummy_user_3,2.4,255
2019-11-17T12:28:49.626000+01:00,F4641,dummy_user_3,2.4,255
2019-11-17T12:35:58.099000+01:00,F4641,dummy_user_3,2.4,97
2019-11-17T13:36:10.739000+01:00,F4641,dummy_user_3,2.4,255
2019-11-17T14:06:11.929000+01:00,F4641,dummy_user_3,2.4,16
2019-11-17T14:38:36.383000+01:00,F4641,dummy_user_3,2.4,97
2019-11-17T15:11:38.836000+01:00,F4641,dummy_user_3,2.4,12
2019-11-17T15:44:33.720000+01:00,F4641,dummy_user_3,2.4,17
2019-11-17T16:18:32.228000+01:00,F4641,dummy_user_3,2.4,27
2019-11-17T17:18:44.938000+01:00,F4641,dummy_user_3,2.4,63
2019-11-17T17:29:42.779000+01:00,F4641,dummy_user_3,2.4,43
2019-11-17T18:29:55.653000+01:00,F4641,dummy_user_3,2.4,255
2019-11-17T18:39:00.330000+01:00,F4641,dummy_user_3,2.4,34
2019-11-17T19:39:14.206000+01:00,F4641,dummy_user_3,2.4,225
2019-11-17T19:39:47.411000+01:00,F4641,dummy_user_3,2.4,2
2019-11-17T20:18:57.633000+01:00,F4641,dummy_user_3,2.4,255
2019-11-17T21:01:57.559000+01:00,F4641,dummy_user_3,2.4,58
2019-11-17T21:41:38.056000+01:00,F4641,dummy_user_3,2.4,42
2019-11-17T22:21:40.352000+01:00,F4641,dummy_user_3,2.4,0
2019-11-10T22:37:42.520000+01:00,F4643,dummy_user_3,2.6,0
2019-11-10T23:37:55.038000+01:00,F4643,dummy_user_3,2.6,0
2019-11-11T00:38:07.305000+01:00,F4643,dummy_user_3,2.6,0
2019-11-11T01:38:19.720000+01:00,F4643,dummy_user_3,2.6,0
2019-11-11T02:38:33.289000+01:00,F4643,dummy_user_3,2.6,22
2019-11-11T03:38:45.916000+01:00,F4643,dummy_user_3,2.6,2
2019-11-11T04:38:59.228000+01:00,F4643,dummy_user_3,2.6,0
2019-11-11T05:39:11.515000+01:00,F4643,dummy_user_3,2.6,0
2019-11-11T06:39:24.893000+01:00,F4643,dummy_user_3,2.6,0
2019-11-11T07:39:37.218000+01:00,F4643,dummy_user_3,2.6,0
2019-11-11T08:39:49.783000+01:00,F4643,dummy_user_3,2.6,17
2019-11-11T09:40:02.798000+01:00,F4643,dummy_user_3,2.6,7
2019-11-11T10:40:16.096000+01:00,F4643,dummy_user_3,2.6,22
2019-11-11T11:40:28.375000+01:00,F4643,dummy_user_3,2.6,8
2019-11-11T12:40:40.698000+01:00,F4643,dummy_user_3,2.6,5
2019-11-11T13:35:23.787000+01:00,F4643,dummy_user_3,2.6,64
2019-11-11T14:35:36.237000+01:00,F4643,dummy_user_3,2.6,19
2019-11-11T15:35:48.565000+01:00,F4643,dummy_user_3,2.6,13
2019-11-11T16:36:02.010000+01:00,F4643,dummy_user_3,2.6,0
2019-11-11T17:36:14.357000+01:00,F4643,dummy_user_3,2.6,0
2019-11-11T18:36:27.004000+01:00,F4643,dummy_user_3,2.6,16
2019-11-11T19:36:40.053000+01:00,F4643,dummy_user_3,2.6,35
2019-11-11T20:36:52.322000+01:00,F4643,dummy_user_3,2.6,0
2019-11-11T21:37:04.731000+01:00,F4643,dummy_user_3,2.6,0
2019-11-11T22:37:18.009000+01:00,F4643,dummy_user_3,2.6,0
2019-11-11T23:37:30.487000+01:00,F4643,dummy_user_3,2.6,0
2019-11-12T00:37:43.873000+01:00,F4643,dummy_user_3,2.6,0
2019-11-12T01:37:56.869000+01:00,F4643,dummy_user_3,2.6,29
2019-11-12T02:38:09.132000+01:00,F4643,dummy_user_3,2.6,0
2019-11-12T03:38:21.562000+01:00,F4643,dummy_user_3,2.6,0
2019-11-12T04:38:34.849000+01:00,F4643,dummy_user_3,2.6,0
2019-11-12T05:38:47.266000+01:00,F4643,dummy_user_3,2.6,0
2019-11-12T06:39:00.122000+01:00,F4643,dummy_user_3,2.6,0
2019-11-12T07:39:12.910000+01:00,F4643,dummy_user_3,2.6,0
2019-11-12T08:39:25.372000+01:00,F4643,dummy_user_3,2.6,0
2019-11-12T09:39:37.513000+01:00,F4643,dummy_user_3,2.6,23
2019-11-12T10:39:50.877000+01:00,F4643,dummy_user_3,2.6,48
2019-11-12T11:40:03.240000+01:00,F4643,dummy_user_3,2.6,0
2019-11-12T12:40:15.248000+01:00,F4643,dummy_user_3,2.6,35
2019-11-12T13:40:27.453000+01:00,F4643,dummy_user_3,2.6,49
2019-11-12T14:40:40.382000+01:00,F4643,dummy_user_3,2.6,0
2019-11-12T15:40:53.730000+01:00,F4643,dummy_user_3,2.6,0
2019-11-12T16:41:06.125000+01:00,F4643,dummy_user_3,2.6,0
2019-11-12T17:41:18.333000+01:00,F4643,dummy_user_3,2.6,0
2019-11-12T18:41:31.710000+01:00,F4643,dummy_user_3,2.6,0
2019-11-12T19:41:44.255000+01:00,F4643,dummy_user_3,2.6,26
2019-11-12T20:41:57.650000+01:00,F4643,dummy_user_3,2.6,33
2019-11-12T21:42:10.045000+01:00,F4643,dummy_user_3,2.6,0
2019-11-12T22:42:22.340000+01:00,F4643,dummy_user_3,2.6,0
2019-11-12T23:42:35.632000+01:00,F4643,dummy_user_3,2.6,0
2019-11-13T00:42:47.852000+01:00,F4643,dummy_user_3,2.6,0
2019-11-13T01:43:00.417000+01:00,F4643,dummy_user_3,2.6,0
2019-11-13T02:43:12.999000+01:00,F4643,dummy_user_3,2.6,33
2019-11-13T03:43:25.442000+01:00,F4643,dummy_user_3,2.6,1
2019-11-13T04:43:38.727000+01:00,F4643,dummy_user_3,2.6,0
2019-11-13T05:43:51.094000+01:00,F4643,dummy_user_3,2.6,0
2019-11-13T06:44:03.299000+01:00,F4643,dummy_user_3,2.6,0
2019-11-13T07:44:16.648000+01:00,F4643,dummy_user_3,2.6,0
2019-11-13T08:44:29.365000+01:00,F4643,dummy_user_3,2.6,17
2019-11-13T09:44:42.073000+01:00,F4643,dummy_user_3,2.6,5
2019-11-13T10:44:54.162000+01:00,F4643,dummy_user_3,2.6,50
2019-11-13T11:45:06.411000+01:00,F4643,dummy_user_3,2.6,0
2019-11-13T12:45:19.776000+01:00,F4643,dummy_user_3,2.6,0
2019-11-13T13:45:32.135000+01:00,F4643,dummy_user_3,2.6,44
2019-11-13T14:45:44.024000+01:00,F4643,dummy_user_3,2.6,0
2019-11-13T15:45:56.420000+01:00,F4643,dummy_user_3,2.6,0
2019-11-13T16:46:09.522000+01:00,F4643,dummy_user_3,2.6,0
2019-11-13T17:46:22.013000+01:00,F4643,dummy_user_3,2.6,19
2019-11-13T18:46:34.051000+01:00,F4643,dummy_user_3,2.6,13
2019-11-13T19:46:46.813000+01:00,F4643,dummy_user_3,2.6,0
2019-11-13T20:46:59.113000+01:00,F4643,dummy_user_3,2.6,0
2019-11-13T21:47:11.917000+01:00,F4643,dummy_user_3,2.6,1
2019-11-13T22:47:24.207000+01:00,F4643,dummy_user_3,2.6,0
2019-11-13T23:47:37.564000+01:00,F4643,dummy_user_3,2.6,0
2019-11-14T00:47:50.494000+01:00,F4643,dummy_user_3,2.6,48
2019-11-14T01:48:02.857000+01:00,F4643,dummy_user_3,2.6,0
2019-11-14T02:48:15.158000+01:00,F4643,dummy_user_3,2.6,0
2019-11-14T03:48:28.519000+01:00,F4643,dummy_user_3,2.6,0
2019-11-14T04:48:41.407000+01:00,F4643,dummy_user_3,2.6,0
2019-11-14T05:48:54.589000+01:00,F4643,dummy_user_3,2.6,2
2019-11-14T06:49:06.960000+01:00,F4643,dummy_user_3,2.6,5
2019-11-14T07:49:19.008000+01:00,F4643,dummy_user_3,2.6,32
2019-11-14T08:49:32.203000+01:00,F4643,dummy_user_3,2.6,1
2019-11-14T09:49:44.843000+01:00,F4643,dummy_user_3,2.6,69
2019-11-14T10:49:57.340000+01:00,F4643,dummy_user_3,2.6,0
2019-11-14T11:50:10.412000+01:00,F4643,dummy_user_3,2.6,0
2019-11-14T12:50:23.422000+01:00,F4643,dummy_user_3,2.6,7
2019-11-14T13:50:36.007000+01:00,F4643,dummy_user_3,2.6,157
2019-11-14T14:50:48.386000+01:00,F4643,dummy_user_3,2.6,0
2019-11-14T15:51:00.787000+01:00,F4643,dummy_user_3,2.6,0
2019-11-14T16:51:15.701000+01:00,F4643,dummy_user_3,2.6,0
2019-11-14T17:51:26.473000+01:00,F4643,dummy_user_3,2.6,0
2019-11-14T18:51:38.694000+01:00,F4643,dummy_user_3,2.6,0
2019-11-14T19:51:51.577000+01:00,F4643,dummy_user_3,2.6,37
2019-11-14T20:52:03.881000+01:00,F4643,dummy_user_3,2.6,0
2019-11-14T21:52:16.490000+01:00,F4643,dummy_user_3,2.6,0
2019-11-14T22:52:29.517000+01:00,F4643,dummy_user_3,2.6,0
2019-11-14T23:52:42.510000+01:00,F4643,dummy_user_3,2.6,0
2019-11-15T00:52:53.968000+01:00,F4643,dummy_user_3,2.6,27
2019-11-15T01:53:08.132000+01:00,F4643,dummy_user_3,2.6,0
2019-11-15T02:53:20.625000+01:00,F4643,dummy_user_3,2.6,0
2019-11-15T03:53:33.721000+01:00,F4643,dummy_user_3,2.6,0
2019-11-15T04:53:46.305000+01:00,F4643,dummy_user_3,2.6,0
2019-11-15T05:53:58.617000+01:00,F4643,dummy_user_3,2.6,1
2019-11-15T06:54:11.039000+01:00,F4643,dummy_user_3,2.6,15
2019-11-15T07:54:24.371000+01:00,F4643,dummy_user_3,2.6,11
2019-11-15T08:54:37.538000+01:00,F4643,dummy_user_3,2.6,10
2019-11-15T09:54:52.926000+01:00,F4643,dummy_user_3,2.6,7
2019-11-15T10:55:02.812000+01:00,F4643,dummy_user_3,2.6,51
2019-11-15T11:55:15.141000+01:00,F4643,dummy_user_3,2.6,0
2019-11-15T12:55:32.723000+01:00,F4643,dummy_user_3,2.6,0
2019-11-15T13:55:41.293000+01:00,F4643,dummy_user_3,2.6,74
2019-11-15T14:43:23.410000+01:00,F4643,dummy_user_3,2.6,0
2019-11-15T15:16:02.396000+01:00,F4643,dummy_user_3,2.6,46
2019-11-15T16:16:15.039000+01:00,F4643,dummy_user_3,2.6,0
2019-11-15T17:16:33.607000+01:00,F4643,dummy_user_3,2.6,4
2019-11-15T18:16:41.385000+01:00,F4643,dummy_user_3,2.6,0
2019-11-15T19:16:53.725000+01:00,F4643,dummy_user_3,2.6,0
2019-11-15T20:17:06.174000+01:00,F4643,dummy_user_3,2.6,0
2019-11-15T21:17:19.592000+01:00,F4643,dummy_user_3,2.6,0
2019-11-15T22:17:31.817000+01:00,F4643,dummy_user_3,2.6,0
2019-11-15T23:17:44.801000+01:00,F4643,dummy_user_3,2.6,0
2019-11-16T00:17:57.431000+01:00,F4643,dummy_user_3,2.6,0
2019-11-16T01:18:10.270000+01:00,F4643,dummy_user_3,2.6,52
2019-11-16T02:18:22.595000+01:00,F4643,dummy_user_3,2.6,0
2019-11-16T03:18:34.969000+01:00,F4643,dummy_user_3,2.6,0
2019-11-16T04:18:48.329000+01:00,F4643,dummy_user_3,2.6,0
2019-11-16T05:19:00.704000+01:00,F4643,dummy_user_3,2.6,0
2019-11-16T06:19:13.010000+01:00,F4643,dummy_user_3,2.6,0
2019-11-16T07:19:26.410000+01:00,F4643,dummy_user_3,2.6,0
2019-11-16T08:19:41.545000+01:00,F4643,dummy_user_3,2.6,21
2019-11-16T09:19:52.307000+01:00,F4643,dummy_user_3,2.6,2
2019-11-16T10:20:07.849000+01:00,F4643,dummy_user_3,2.6,65
2019-11-16T11:20:18.381000+01:00,F4643,dummy_user_3,2.6,19
2019-11-16T12:20:30.891000+01:00,F4643,dummy_user_3,2.6,0
2019-11-16T13:20:44.235000+01:00,F4643,dummy_user_3,2.6,0
2019-11-16T14:20:56.551000+01:00,F4643,dummy_user_3,2.6,0
2019-11-16T15:21:08.890000+01:00,F4643,dummy_user_3,2.6,0
2019-11-16T16:21:22.346000+01:00,F4643,dummy_user_3,2.6,14
2019-11-16T17:21:37.292000+01:00,F4643,dummy_user_3,2.6,0
2019-11-16T18:21:47.069000+01:00,F4643,dummy_user_3,2.6,0
2019-11-16T19:22:00.509000+01:00,F4643,dummy_user_3,2.6,0
2019-11-16T20:22:13.048000+01:00,F4643,dummy_user_3,2.6,13
2019-11-16T21:22:26.438000+01:00,F4643,dummy_user_3,2.6,0
2019-11-16T22:22:38.773000+01:00,F4643,dummy_user_3,2.6,0
2019-11-16T23:22:52.432000+01:00,F4643,dummy_user_3,2.6,33
2019-11-17T00:23:04.803000+01:00,F4643,dummy_user_3,2.6,0
2019-11-17T01:23:18.218000+01:00,F4643,dummy_user_3,2.6,0
2019-11-17T02:23:30.508000+01:00,F4643,dummy_user_3,2.6,0
2019-11-17T03:23:42.864000+01:00,F4643,dummy_user_3,2.6,0
2019-11-17T04:23:56.151000+01:00,F4643,dummy_user_3,2.6,0
2019-11-17T05:24:08.630000+01:00,F4643,dummy_user_3,2.6,0
2019-11-17T06:24:21.311000+01:00,F4643,dummy_user_3,2.6,7
2019-11-17T07:24:33.684000+01:00,F4643,dummy_user_3,2.6,0
2019-11-17T08:24:45.719000+01:00,F4643,dummy_user_3,2.6,26
2019-11-17T09:24:58.861000+01:00,F4643,dummy_user_3,2.6,12
2019-11-17T10:25:11.809000+01:00,F4643,dummy_user_3,2.6,88
2019-11-17T11:25:25.291000+01:00,F4643,dummy_user_3,2.6,64
2019-11-17T12:25:38.104000+01:00,F4643,dummy_user_3,2.6,0
2019-11-17T13:25:49.936000+01:00,F4643,dummy_user_3,2.6,0
2019-11-17T14:26:03.377000+01:00,F4643,dummy_user_3,2.6,0
2019-11-17T15:26:15.608000+01:00,F4643,dummy_user_3,2.6,0
2019-11-17T16:26:29.117000+01:00,F4643,dummy_user_3,2.6,0
2019-11-17T17:26:41.455000+01:00,F4643,dummy_user_3,2.6,0
2019-11-17T18:26:54.455000+01:00,F4643,dummy_user_3,2.6,0
2019-11-17T19:27:07.089000+01:00,F4643,dummy_user_3,2.6,45
2019-11-17T20:27:19.455000+01:00,F4643,dummy_user_3,2.6,0
2019-11-17T21:27:31.794000+01:00,F4643,dummy_user_3,2.6,0
2019-11-17T22:27:45.104000+01:00,F4643,dummy_user_3,2.6,0
2019-11-10T23:09:10.303000+01:00,F45C6,dummy_user_2,2.6,5
2019-11-11T00:09:23.250000+01:00,F45C6,dummy_user_2,2.6,198
2019-11-11T01:09:36.473000+01:00,F45C6,dummy_user_2,2.6,0
2019-11-11T02:09:48.867000+01:00,F45C6,dummy_user_2,2.6,0
2019-11-11T03:10:02.590000+01:00,F45C6,dummy_user_2,2.6,0
2019-11-11T04:10:14.977000+01:00,F45C6,dummy_user_2,2.6,0
2019-11-11T05:10:27.223000+01:00,F45C6,dummy_user_2,2.6,0
2019-11-11T06:10:40.235000+01:00,F45C6,dummy_user_2,2.6,0
2019-11-11T07:10:53.526000+01:00,F45C6,dummy_user_2,2.6,0
2019-11-11T08:11:06.260000+01:00,F45C6,dummy_user_2,2.6,5
2019-11-11T09:11:18.506000+01:00,F45C6,dummy_user_2,2.6,0
2019-11-11T10:11:31.860000+01:00,F45C6,dummy_user_2,2.6,0
2019-11-11T11:11:45.430000+01:00,F45C6,dummy_user_2,2.6,0
2019-11-11T12:11:57.472000+01:00,F45C6,dummy_user_2,2.6,181
2019-11-11T13:12:10.738000+01:00,F45C6,dummy_user_2,2.6,107
2019-11-11T14:12:23.606000+01:00,F45C6,dummy_user_2,2.6,94
2019-11-11T15:12:36.497000+01:00,F45C6,dummy_user_2,2.6,31
2019-11-11T16:12:48.257000+01:00,F45C6,dummy_user_2,2.6,255
2019-11-11T17:13:01.600000+01:00,F45C6,dummy_user_2,2.6,0
2019-11-11T18:13:14.798000+01:00,F45C6,dummy_user_2,2.6,13
2019-11-11T19:13:27.474000+01:00,F45C6,dummy_user_2,2.6,0
2019-11-11T20:13:39.371000+01:00,F45C6,dummy_user_2,2.6,6
2019-11-11T21:13:52.746000+01:00,F45C6,dummy_user_2,2.6,0
2019-11-11T22:14:05.841000+01:00,F45C6,dummy_user_2,2.6,8
2019-11-11T23:14:18.901000+01:00,F45C6,dummy_user_2,2.6,16
2019-11-12T00:14:31.539000+01:00,F45C6,dummy_user_2,2.6,0
2019-11-12T01:14:44.777000+01:00,F45C6,dummy_user_2,2.6,0
2019-11-12T02:14:57.797000+01:00,F45C6,dummy_user_2,2.6,0
2019-11-12T03:15:10.830000+01:00,F45C6,dummy_user_2,2.6,0
2019-11-12T04:15:22.862000+01:00,F45C6,dummy_user_2,2.6,0
2019-11-12T05:15:35.212000+01:00,F45C6,dummy_user_2,2.6,71
2019-11-12T06:15:48.521000+01:00,F45C6,dummy_user_2,2.6,0
2019-11-12T07:16:00.780000+01:00,F45C6,dummy_user_2,2.6,0
2019-11-12T08:16:13.486000+01:00,F45C6,dummy_user_2,2.6,0
2019-11-12T09:16:25.783000+01:00,F45C6,dummy_user_2,2.6,0
2019-11-12T10:16:38.748000+01:00,F45C6,dummy_user_2,2.6,0
2019-11-12T11:16:51.036000+01:00,F45C6,dummy_user_2,2.6,0
2019-11-12T12:17:04.139000+01:00,F45C6,dummy_user_2,2.6,47
2019-11-12T13:17:16.495000+01:00,F45C6,dummy_user_2,2.6,0
2019-11-12T14:17:29.517000+01:00,F45C6,dummy_user_2,2.6,107
2019-11-12T15:17:41.804000+01:00,F45C6,dummy_user_2,2.6,21
2019-11-12T16:17:55.149000+01:00,F45C6,dummy_user_2,2.6,0
2019-11-12T17:18:08.187000+01:00,F45C6,dummy_user_2,2.6,93
2019-11-12T18:18:20.523000+01:00,F45C6,dummy_user_2,2.6,14
2019-11-12T19:18:34.500000+01:00,F45C6,dummy_user_2,2.6,0
2019-11-12T20:18:47.048000+01:00,F45C6,dummy_user_2,2.6,0
2019-11-12T21:18:59.889000+01:00,F45C6,dummy_user_2,2.6,19
2019-11-12T22:19:12.249000+01:00,F45C6,dummy_user_2,2.6,0
2019-11-12T23:19:24.519000+01:00,F45C6,dummy_user_2,2.6,0
2019-11-13T00:19:37.665000+01:00,F45C6,dummy_user_2,2.6,0
2019-11-13T01:19:50.884000+01:00,F45C6,dummy_user_2,2.6,0
2019-11-13T02:20:03.489000+01:00,F45C6,dummy_user_2,2.6,0
2019-11-13T03:20:16.443000+01:00,F45C6,dummy_user_2,2.6,0
2019-11-13T04:20:29.797000+01:00,F45C6,dummy_user_2,2.6,0
2019-11-13T05:20:42.596000+01:00,F45C6,dummy_user_2,2.6,0
2019-11-13T06:20:55.992000+01:00,F45C6,dummy_user_2,2.6,0
2019-11-13T07:21:08.904000+01:00,F45C6,dummy_user_2,2.6,0
2019-11-13T08:21:21.435000+01:00,F45C6,dummy_user_2,2.6,0
2019-11-13T09:21:34.429000+01:00,F45C6,dummy_user_2,2.6,0
2019-11-13T10:21:48.069000+01:00,F45C6,dummy_user_2,2.6,0
2019-11-13T11:22:00.199000+01:00,F45C6,dummy_user_2,2.6,3
2019-11-13T12:22:12.038000+01:00,F45C6,dummy_user_2,2.6,0
2019-11-13T13:22:25.458000+01:00,F45C6,dummy_user_2,2.6,0
2019-11-13T14:22:38.079000+01:00,F45C6,dummy_user_2,2.6,0
2019-11-13T15:22:50.790000+01:00,F45C6,dummy_user_2,2.6,0
2019-11-13T16:23:03.774000+01:00,F45C6,dummy_user_2,2.6,0
2019-11-13T17:23:16.847000+01:00,F45C6,dummy_user_2,2.6,0
2019-11-13T18:23:28.917000+01:00,F45C6,dummy_user_2,2.6,0
2019-11-13T19:23:42.201000+01:00,F45C6,dummy_user_2,2.6,0
2019-11-13T20:23:55.364000+01:00,F45C6,dummy_user_2,2.6,0
2019-11-13T21:24:07.938000+01:00,F45C6,dummy_user_2,2.6,0
2019-11-13T22:24:20.590000+01:00,F45C6,dummy_user_2,2.6,0
2019-11-13T23:24:34.339000+01:00,F45C6,dummy_user_2,2.6,0
2019-11-14T00:24:49.241000+01:00,F45C6,dummy_user_2,2.6,0
2019-11-14T01:25:00.194000+01:00,F45C6,dummy_user_2,2.6,0
2019-11-14T02:25:12.254000+01:00,F45C6,dummy_user_2,2.6,0
2019-11-14T03:25:24.661000+01:00,F45C6,dummy_user_2,2.6,0
2019-11-14T04:25:37.761000+01:00,F45C6,dummy_user_2,2.6,0
2019-11-14T05:25:49.521000+01:00,F45C6,dummy_user_2,2.6,0
2019-11-14T06:26:10.841000+01:00,F45C6,dummy_user_2,2.6,0
2019-11-14T07:26:15.015000+01:00,F45C6,dummy_user_2,2.6,0
2019-11-14T08:26:27.500000+01:00,F45C6,dummy_user_2,2.6,0
2019-11-14T09:26:41.095000+01:00,F45C6,dummy_user_2,2.6,0
2019-11-14T10:26:53.062000+01:00,F45C6,dummy_user_2,2.6,0
2019-11-14T11:27:05.619000+01:00,F45C6,dummy_user_2,2.6,0
2019-11-14T12:27:20.940000+01:00,F45C6,dummy_user_2,2.6,0
2019-11-14T13:27:31.896000+01:00,F45C6,dummy_user_2,2.6,0
2019-11-14T14:27:45+01:00,F45C6,dummy_user_2,2.6,3
2019-11-14T15:27:57.124000+01:00,F45C6,dummy_user_2,2.6,0
2019-11-14T16:28:09.170000+01:00,F45C6,dummy_user_2,2.6,0
2019-11-14T17:28:22.595000+01:00,F45C6,dummy_user_2,2.6,0
2019-11-14T18:28:34.655000+01:00,F45C6,dummy_user_2,2.6,8
2019-11-14T19:28:47.317000+01:00,F45C6,dummy_user_2,2.6,0
2019-11-14T20:29:00.394000+01:00,F45C6,dummy_user_2,2.6,0
2019-11-14T21:29:12.689000+01:00,F45C6,dummy_user_2,2.6,0
2019-11-14T22:29:24.964000+01:00,F45C6,dummy_user_2,2.6,0
2019-11-14T23:29:38.287000+01:00,F45C6,dummy_user_2,2.6,0
2019-11-15T00:29:51.444000+01:00,F45C6,dummy_user_2,2.6,0
2019-11-15T01:30:03.658000+01:00,F45C6,dummy_user_2,2.6,0
2019-11-15T02:30:17.898000+01:00,F45C6,dummy_user_2,2.6,0
2019-11-15T03:30:30.255000+01:00,F45C6,dummy_user_2,2.6,0
2019-11-15T04:30:42.627000+01:00,F45C6,dummy_user_2,2.6,0
2019-11-15T05:30:55.011000+01:00,F45C6,dummy_user_2,2.6,0
2019-11-15T06:31:07.849000+01:00,F45C6,dummy_user_2,2.6,0
2019-11-15T07:31:21.019000+01:00,F45C6,dummy_user_2,2.6,0
2019-11-15T08:31:33.486000+01:00,F45C6,dummy_user_2,2.6,0
2019-11-15T09:31:45.626000+01:00,F45C6,dummy_user_2,2.6,0
2019-11-15T10:31:58.979000+01:00,F45C6,dummy_user_2,2.6,0
2019-11-15T11:32:12.117000+01:00,F45C6,dummy_user_2,2.6,0
2019-11-15T12:32:24.655000+01:00,F45C6,dummy_user_2,2.6,0
2019-11-15T13:32:39.457000+01:00,F45C6,dummy_user_2,2.6,0
2019-11-15T14:32:58.966000+01:00,F45C6,dummy_user_2,2.6,10
2019-11-15T15:33:04.513000+01:00,F45C6,dummy_user_2,2.6,2
2019-11-15T16:33:16.177000+01:00,F45C6,dummy_user_2,2.6,0
2019-11-15T17:33:28.431000+01:00,F45C6,dummy_user_2,2.6,0
2019-11-15T18:33:41.719000+01:00,F45C6,dummy_user_2,2.6,0
2019-11-15T19:33:53.960000+01:00,F45C6,dummy_user_2,2.6,0
2019-11-15T20:34:06.284000+01:00,F45C6,dummy_user_2,2.6,0
2019-11-15T21:34:19.548000+01:00,F45C6,dummy_user_2,2.6,0
2019-11-15T22:34:32.499000+01:00,F45C6,dummy_user_2,2.6,0
2019-11-15T23:34:45.116000+01:00,F45C6,dummy_user_2,2.6,0
2019-11-16T00:34:59.592000+01:00,F45C6,dummy_user_2,2.6,0
2019-11-16T01:35:15.890000+01:00,F45C6,dummy_user_2,2.6,0
2019-11-16T02:35:22.849000+01:00,F45C6,dummy_user_2,2.6,0
2019-11-16T03:35:35.561000+01:00,F45C6,dummy_user_2,2.6,0
2019-11-16T04:35:48.421000+01:00,F45C6,dummy_user_2,2.6,0
2019-11-16T05:36:00.662000+01:00,F45C6,dummy_user_2,2.6,0
2019-11-16T06:36:12.971000+01:00,F45C6,dummy_user_2,2.6,0
2019-11-16T07:36:26.299000+01:00,F45C6,dummy_user_2,2.6,0
2019-11-16T08:36:39.130000+01:00,F45C6,dummy_user_2,2.6,0
2019-11-16T09:36:52.269000+01:00,F45C6,dummy_user_2,2.6,0
2019-11-16T10:37:05.015000+01:00,F45C6,dummy_user_2,2.6,0
2019-11-16T11:37:17.897000+01:00,F45C6,dummy_user_2,2.6,0
2019-11-16T12:37:31.187000+01:00,F45C6,dummy_user_2,2.6,0
2019-11-16T13:37:43.873000+01:00,F45C6,dummy_user_2,2.6,2
2019-11-16T14:37:57.264000+01:00,F45C6,dummy_user_2,2.6,2
2019-11-16T15:38:09.452000+01:00,F45C6,dummy_user_2,2.6,0
2019-11-16T16:38:23.141000+01:00,F45C6,dummy_user_2,2.6,0
2019-11-16T17:38:35.523000+01:00,F45C6,dummy_user_2,2.6,0
2019-11-16T18:38:48.624000+01:00,F45C6,dummy_user_2,2.6,0
2019-11-16T19:39:02.226000+01:00,F45C6,dummy_user_2,2.6,0
2019-11-16T20:39:14.364000+01:00,F45C6,dummy_user_2,2.6,0
2019-11-16T21:39:27.704000+01:00,F45C6,dummy_user_2,2.6,0
2019-11-16T22:39:40.080000+01:00,F45C6,dummy_user_2,2.6,0
2019-11-16T23:39:52.309000+01:00,F45C6,dummy_user_2,2.6,0
2019-11-17T00:40:08.628000+01:00,F45C6,dummy_user_2,2.6,7
2019-11-17T01:40:18.523000+01:00,F45C6,dummy_user_2,2.6,0
2019-11-17T02:40:31.668000+01:00,F45C6,dummy_user_2,2.6,0
2019-11-17T03:40:44.294000+01:00,F45C6,dummy_user_2,2.6,0
2019-11-17T04:40:56.862000+01:00,F45C6,dummy_user_2,2.6,0
2019-11-17T05:41:09.619000+01:00,F45C6,dummy_user_2,2.6,0
2019-11-17T06:41:22.151000+01:00,F45C6,dummy_user_2,2.6,0
2019-11-17T07:41:34.829000+01:00,F45C6,dummy_user_2,2.6,0
2019-11-17T08:41:47.476000+01:00,F45C6,dummy_user_2,2.6,0
2019-11-17T09:41:59.978000+01:00,F45C6,dummy_user_2,2.6,0
2019-11-17T10:42:13.455000+01:00,F45C6,dummy_user_2,2.6,0
2019-11-17T11:42:26.496000+01:00,F45C6,dummy_user_2,2.6,0
2019-11-17T12:42:38.997000+01:00,F45C6,dummy_user_2,2.6,0
2019-11-17T13:42:51.109000+01:00,F45C6,dummy_user_2,2.6,0
2019-11-17T14:43:03.615000+01:00,F45C6,dummy_user_2,2.6,2
2019-11-17T15:43:16.436000+01:00,F45C6,dummy_user_2,2.6,0
2019-11-17T16:43:29.154000+01:00,F45C6,dummy_user_2,2.6,0
2019-11-17T17:43:41.423000+01:00,F45C6,dummy_user_2,2.6,0
2019-11-17T18:43:56.897000+01:00,F45C6,dummy_user_2,2.6,0
2019-11-17T19:44:06.535000+01:00,F45C6,dummy_user_2,2.6,0
2019-11-17T20:44:18.795000+01:00,F45C6,dummy_user_2,2.6,0
2019-11-17T21:44:32.102000+01:00,F45C6,dummy_user_2,2.6,0
2019-11-10T23:25:57.992000+01:00,F46EE,dummy_user_2,2.6,24
2019-11-11T00:26:10.122000+01:00,F46EE,dummy_user_2,2.6,0
2019-11-11T01:26:22.488000+01:00,F46EE,dummy_user_2,2.6,0
2019-11-11T02:26:35.917000+01:00,F46EE,dummy_user_2,2.6,0
2019-11-11T03:26:48.280000+01:00,F46EE,dummy_user_2,2.6,0
2019-11-11T04:27:00.672000+01:00,F46EE,dummy_user_2,2.6,0
2019-11-11T05:27:13.868000+01:00,F46EE,dummy_user_2,2.6,0
2019-11-11T06:27:26.239000+01:00,F46EE,dummy_user_2,2.6,0
2019-11-11T07:27:38.739000+01:00,F46EE,dummy_user_2,2.6,0
2019-11-11T08:27:51.742000+01:00,F46EE,dummy_user_2,2.6,0
2019-11-11T09:28:04.166000+01:00,F46EE,dummy_user_2,2.6,0
2019-11-11T10:28:16.349000+01:00,F46EE,dummy_user_2,2.6,0
2019-11-11T11:28:29.857000+01:00,F46EE,dummy_user_2,2.6,9
2019-11-11T12:28:41.688000+01:00,F46EE,dummy_user_2,2.6,22
2019-11-11T13:28:58.526000+01:00,F46EE,dummy_user_2,2.6,5
2019-11-11T13:41:44.041000+01:00,F46EE,dummy_user_2,2.6,12
2019-11-11T14:41:57.023000+01:00,F46EE,dummy_user_2,2.6,21
2019-11-11T15:42:09.237000+01:00,F46EE,dummy_user_2,2.6,42
2019-11-11T16:42:21.133000+01:00,F46EE,dummy_user_2,2.6,23
2019-11-11T17:42:33.684000+01:00,F46EE,dummy_user_2,2.6,5
2019-11-11T18:42:46.310000+01:00,F46EE,dummy_user_2,2.6,37
2019-11-11T19:42:59.440000+01:00,F46EE,dummy_user_2,2.6,0
2019-11-11T20:43:11.775000+01:00,F46EE,dummy_user_2,2.6,6
2019-11-11T21:43:23.609000+01:00,F46EE,dummy_user_2,2.6,16
2019-11-11T22:43:37.016000+01:00,F46EE,dummy_user_2,2.6,0
2019-11-11T23:43:49.503000+01:00,F46EE,dummy_user_2,2.6,5
2019-11-12T00:44:03.057000+01:00,F46EE,dummy_user_2,2.6,0
2019-11-12T01:44:15.391000+01:00,F46EE,dummy_user_2,2.6,0
2019-11-12T02:44:27.472000+01:00,F46EE,dummy_user_2,2.6,0
2019-11-12T03:44:40.693000+01:00,F46EE,dummy_user_2,2.6,0
2019-11-12T04:44:53.055000+01:00,F46EE,dummy_user_2,2.6,0
2019-11-12T05:45:05.696000+01:00,F46EE,dummy_user_2,2.6,0
2019-11-12T06:45:19.035000+01:00,F46EE,dummy_user_2,2.6,0
2019-11-12T07:45:31.153000+01:00,F46EE,dummy_user_2,2.6,0
2019-11-12T08:45:43.619000+01:00,F46EE,dummy_user_2,2.6,0
2019-11-12T09:45:58.323000+01:00,F46EE,dummy_user_2,2.6,0
2019-11-12T10:46:09.318000+01:00,F46EE,dummy_user_2,2.6,0
2019-11-12T11:46:21.564000+01:00,F46EE,dummy_user_2,2.6,0
2019-11-12T12:46:34.115000+01:00,F46EE,dummy_user_2,2.6,30
2019-11-12T13:46:47.063000+01:00,F46EE,dummy_user_2,2.6,7
2019-11-12T14:47:00.111000+01:00,F46EE,dummy_user_2,2.6,41
2019-11-12T15:47:12.067000+01:00,F46EE,dummy_user_2,2.6,0
2019-11-12T16:47:24.106000+01:00,F46EE,dummy_user_2,2.6,8
2019-11-12T17:47:36.636000+01:00,F46EE,dummy_user_2,2.6,20
2019-11-12T18:47:49.414000+01:00,F46EE,dummy_user_2,2.6,32
2019-11-12T19:48:02.143000+01:00,F46EE,dummy_user_2,2.6,0
2019-11-12T20:48:15.105000+01:00,F46EE,dummy_user_2,2.6,7
2019-11-12T21:48:28.521000+01:00,F46EE,dummy_user_2,2.6,26
2019-11-12T22:48:40.267000+01:00,F46EE,dummy_user_2,2.6,3
2019-11-12T23:48:53.244000+01:00,F46EE,dummy_user_2,2.6,10
2019-11-13T00:49:06.590000+01:00,F46EE,dummy_user_2,2.6,0
2019-11-13T01:49:20.141000+01:00,F46EE,dummy_user_2,2.6,0
2019-11-13T02:49:32.977000+01:00,F46EE,dummy_user_2,2.6,0
2019-11-13T03:49:45.599000+01:00,F46EE,dummy_user_2,2.6,0
2019-11-13T04:49:58.141000+01:00,F46EE,dummy_user_2,2.6,0
2019-11-13T05:50:10.744000+01:00,F46EE,dummy_user_2,2.6,0
2019-11-13T06:50:23.631000+01:00,F46EE,dummy_user_2,2.6,0
2019-11-13T07:50:36+01:00,F46EE,dummy_user_2,2.6,0
2019-11-13T08:50:48.334000+01:00,F46EE,dummy_user_2,2.6,0
2019-11-13T09:51:01.998000+01:00,F46EE,dummy_user_2,2.6,0
2019-11-13T10:51:15.210000+01:00,F46EE,dummy_user_2,2.6,0
2019-11-13T11:51:31.624000+01:00,F46EE,dummy_user_2,2.6,4
2019-11-13T12:51:40.679000+01:00,F46EE,dummy_user_2,2.6,15
2019-11-13T13:52:01.269000+01:00,F46EE,dummy_user_2,2.6,36
2019-11-13T14:52:08.740000+01:00,F46EE,dummy_user_2,2.6,22
2019-11-13T15:52:18.902000+01:00,F46EE,dummy_user_2,2.6,73
2019-11-13T16:52:31.085000+01:00,F46EE,dummy_user_2,2.6,8
2019-11-13T17:52:43.473000+01:00,F46EE,dummy_user_2,2.6,0
2019-11-13T18:52:56.895000+01:00,F46EE,dummy_user_2,2.6,0
2019-11-13T19:53:09.332000+01:00,F46EE,dummy_user_2,2.6,23
2019-11-13T20:53:22.774000+01:00,F46EE,dummy_user_2,2.6,0
2019-11-13T21:53:36.036000+01:00,F46EE,dummy_user_2,2.6,11
2019-11-13T22:53:48.730000+01:00,F46EE,dummy_user_2,2.6,13
2019-11-13T23:54:01.421000+01:00,F46EE,dummy_user_2,2.6,0
2019-11-14T00:54:13.614000+01:00,F46EE,dummy_user_2,2.6,0
2019-11-14T01:54:26.845000+01:00,F46EE,dummy_user_2,2.6,0
2019-11-14T02:54:39.461000+01:00,F46EE,dummy_user_2,2.6,0
2019-11-14T03:54:51.174000+01:00,F46EE,dummy_user_2,2.6,0
2019-11-14T04:55:04.531000+01:00,F46EE,dummy_user_2,2.6,0
2019-11-14T05:55:19.472000+01:00,F46EE,dummy_user_2,2.6,0
2019-11-14T06:55:29.359000+01:00,F46EE,dummy_user_2,2.6,0
2019-11-14T07:55:42.579000+01:00,F46EE,dummy_user_2,2.6,0
2019-11-14T08:55:56.351000+01:00,F46EE,dummy_user_2,2.6,0
2019-11-14T09:56:08.073000+01:00,F46EE,dummy_user_2,2.6,0
2019-11-14T10:56:23.198000+01:00,F46EE,dummy_user_2,2.6,0
2019-11-14T11:24:48.203000+01:00,F46EE,dummy_user_2,2.6,23
2019-11-14T11:59:53.668000+01:00,F46EE,dummy_user_2,2.6,255
2019-11-14T13:00:06.863000+01:00,F46EE,dummy_user_2,2.6,108
2019-11-14T14:00:19.776000+01:00,F46EE,dummy_user_2,2.6,20
2019-11-14T15:00:32.800000+01:00,F46EE,dummy_user_2,2.6,2
2019-11-14T16:00:45.255000+01:00,F46EE,dummy_user_2,2.6,34
2019-11-14T17:00:57.925000+01:00,F46EE,dummy_user_2,2.6,11
2019-11-14T18:01:10.526000+01:00,F46EE,dummy_user_2,2.6,23
2019-11-14T19:01:23.904000+01:00,F46EE,dummy_user_2,2.6,36
2019-11-14T20:01:36.784000+01:00,F46EE,dummy_user_2,2.6,10
2019-11-14T21:01:51.240000+01:00,F46EE,dummy_user_2,2.6,0
2019-11-14T22:02:02.437000+01:00,F46EE,dummy_user_2,2.6,25
2019-11-14T23:02:15.369000+01:00,F46EE,dummy_user_2,2.6,9
2019-11-15T00:02:29.552000+01:00,F46EE,dummy_user_2,2.6,5
2019-11-15T01:02:42.315000+01:00,F46EE,dummy_user_2,2.6,2
2019-11-15T02:02:53.816000+01:00,F46EE,dummy_user_2,2.6,0
2019-11-15T03:03:06.302000+01:00,F46EE,dummy_user_2,2.6,0
2019-11-15T04:03:19.654000+01:00,F46EE,dummy_user_2,2.6,0
2019-11-15T05:03:35.206000+01:00,F46EE,dummy_user_2,2.6,7
2019-11-15T06:03:44.882000+01:00,F46EE,dummy_user_2,2.6,0
2019-11-15T07:03:57.823000+01:00,F46EE,dummy_user_2,2.6,0
2019-11-15T08:04:10.501000+01:00,F46EE,dummy_user_2,2.6,0
2019-11-15T09:04:23.068000+01:00,F46EE,dummy_user_2,2.6,0
2019-11-15T10:04:35.205000+01:00,F46EE,dummy_user_2,2.6,0
2019-11-15T11:04:48.561000+01:00,F46EE,dummy_user_2,2.6,0
2019-11-15T12:05:01.679000+01:00,F46EE,dummy_user_2,2.6,9
2019-11-15T13:05:14.843000+01:00,F46EE,dummy_user_2,2.6,14
2019-11-15T14:05:26.312000+01:00,F46EE,dummy_user_2,2.6,15
2019-11-15T15:05:39.729000+01:00,F46EE,dummy_user_2,2.6,7
2019-11-15T16:05:53.032000+01:00,F46EE,dummy_user_2,2.6,5
2019-11-15T17:06:05.579000+01:00,F46EE,dummy_user_2,2.6,13
2019-11-15T18:06:17.575000+01:00,F46EE,dummy_user_2,2.6,27
2019-11-15T19:06:30.585000+01:00,F46EE,dummy_user_2,2.6,0
2019-11-15T20:06:43.493000+01:00,F46EE,dummy_user_2,2.6,4
2019-11-15T21:06:55.752000+01:00,F46EE,dummy_user_2,2.6,6
2019-11-15T22:07:08.307000+01:00,F46EE,dummy_user_2,2.6,24
2019-11-15T23:07:21.673000+01:00,F46EE,dummy_user_2,2.6,7
2019-11-16T00:07:34.908000+01:00,F46EE,dummy_user_2,2.6,3
2019-11-16T01:07:47.723000+01:00,F46EE,dummy_user_2,2.6,0
2019-11-16T02:07:59.778000+01:00,F46EE,dummy_user_2,2.6,9
2019-11-16T03:08:12.529000+01:00,F46EE,dummy_user_2,2.6,0
2019-11-16T04:08:25.639000+01:00,F46EE,dummy_user_2,2.6,0
2019-11-16T05:08:38.002000+01:00,F46EE,dummy_user_2,2.6,0
2019-11-16T06:08:50.274000+01:00,F46EE,dummy_user_2,2.6,0
2019-11-16T07:09:03.517000+01:00,F46EE,dummy_user_2,2.6,0
2019-11-16T08:09:16.681000+01:00,F46EE,dummy_user_2,2.6,0
2019-11-16T09:09:28.194000+01:00,F46EE,dummy_user_2,2.6,0
2019-11-16T10:09:41.637000+01:00,F46EE,dummy_user_2,2.6,0
2019-11-16T11:09:53.935000+01:00,F46EE,dummy_user_2,2.6,0
2019-11-16T12:10:07.755000+01:00,F46EE,dummy_user_2,2.6,0
2019-11-16T13:10:19.828000+01:00,F46EE,dummy_user_2,2.6,21
2019-11-16T14:10:32.067000+01:00,F46EE,dummy_user_2,2.6,30
2019-11-16T15:10:45.374000+01:00,F46EE,dummy_user_2,2.6,38
2019-11-16T16:10:58.056000+01:00,F46EE,dummy_user_2,2.6,24
2019-11-16T17:11:11.409000+01:00,F46EE,dummy_user_2,2.6,0
2019-11-16T18:11:23.969000+01:00,F46EE,dummy_user_2,2.6,35
2019-11-16T19:11:36.949000+01:00,F46EE,dummy_user_2,2.6,0
2019-11-16T20:11:49.251000+01:00,F46EE,dummy_user_2,2.6,0
2019-11-16T21:12:02.638000+01:00,F46EE,dummy_user_2,2.6,0
2019-11-16T22:12:14.956000+01:00,F46EE,dummy_user_2,2.6,26
2019-11-16T23:12:27.929000+01:00,F46EE,dummy_user_2,2.6,7
2019-11-17T00:12:40.718000+01:00,F46EE,dummy_user_2,2.6,20
2019-11-17T01:12:53.715000+01:00,F46EE,dummy_user_2,2.6,0
2019-11-17T02:13:05.191000+01:00,F46EE,dummy_user_2,2.6,0
2019-11-17T03:13:18.555000+01:00,F46EE,dummy_user_2,2.6,0
2019-11-17T04:13:31.699000+01:00,F46EE,dummy_user_2,2.6,0
2019-11-17T05:13:43.358000+01:00,F46EE,dummy_user_2,2.6,0
2019-11-17T06:13:56.478000+01:00,F46EE,dummy_user_2,2.6,0
2019-11-17T07:14:08.987000+01:00,F46EE,dummy_user_2,2.6,0
2019-11-17T08:14:21.361000+01:00,F46EE,dummy_user_2,2.6,0
2019-11-17T09:14:34.636000+01:00,F46EE,dummy_user_2,2.6,0
2019-11-17T10:14:46.977000+01:00,F46EE,dummy_user_2,2.6,0
2019-11-17T11:15:01.316000+01:00,F46EE,dummy_user_2,2.6,10
2019-11-17T12:15:11.245000+01:00,F46EE,dummy_user_2,2.6,11
2019-11-17T13:15:24.648000+01:00,F46EE,dummy_user_2,2.6,0
2019-11-17T14:15:36.914000+01:00,F46EE,dummy_user_2,2.6,36
2019-11-17T15:15:49.891000+01:00,F46EE,dummy_user_2,2.6,23
2019-11-17T16:16:03.225000+01:00,F46EE,dummy_user_2,2.6,5
2019-11-17T17:16:16.555000+01:00,F46EE,dummy_user_2,2.6,2
2019-11-17T17:55:41.163000+01:00,F46EE,dummy_user_2,2.6,53
2019-11-17T18:55:51.245000+01:00,F46EE,dummy_user_2,2.6,255
2019-11-17T19:56:04.308000+01:00,F46EE,dummy_user_2,2.6,140
2019-11-17T20:56:16.880000+01:00,F46EE,dummy_user_2,2.6,12
2019-11-17T21:56:28.587000+01:00,F46EE,dummy_user_2,2.6,0
2019-11-10T23:28:32.650000+01:00,F4764,dummy_user_1,2.6,17
2019-11-11T00:28:44.993000+01:00,F4764,dummy_user_1,2.6,0
2019-11-11T01:28:58.071000+01:00,F4764,dummy_user_1,2.6,0
2019-11-11T02:29:13.236000+01:00,F4764,dummy_user_1,2.6,0
2019-11-11T03:29:24.166000+01:00,F4764,dummy_user_1,2.6,0
2019-11-11T04:29:35.665000+01:00,F4764,dummy_user_1,2.6,0
2019-11-11T05:29:48.487000+01:00,F4764,dummy_user_1,2.6,0
2019-11-11T06:30:00.949000+01:00,F4764,dummy_user_1,2.6,0
2019-11-11T07:30:13.164000+01:00,F4764,dummy_user_1,2.6,0
2019-11-11T08:30:27.650000+01:00,F4764,dummy_user_1,2.6,9
2019-11-11T09:30:39.199000+01:00,F4764,dummy_user_1,2.6,18
2019-11-11T10:30:51.746000+01:00,F4764,dummy_user_1,2.6,47
2019-11-11T11:31:04.417000+01:00,F4764,dummy_user_1,2.6,74
2019-11-11T12:31:17.037000+01:00,F4764,dummy_user_1,2.6,37
2019-11-11T13:31:33.214000+01:00,F4764,dummy_user_1,2.6,21
2019-11-11T14:31:42.703000+01:00,F4764,dummy_user_1,2.6,115
2019-11-11T15:31:57.867000+01:00,F4764,dummy_user_1,2.6,65
2019-11-11T16:32:08.344000+01:00,F4764,dummy_user_1,2.6,15
2019-11-11T17:32:26.331000+01:00,F4764,dummy_user_1,2.6,20
2019-11-11T18:32:34.338000+01:00,F4764,dummy_user_1,2.6,5
2019-11-11T19:32:47.203000+01:00,F4764,dummy_user_1,2.6,26
2019-11-11T20:33:00.097000+01:00,F4764,dummy_user_1,2.6,18
2019-11-11T21:33:12.570000+01:00,F4764,dummy_user_1,2.6,11
2019-11-11T22:33:25.578000+01:00,F4764,dummy_user_1,2.6,23
2019-11-11T23:33:37.943000+01:00,F4764,dummy_user_1,2.6,49
2019-11-12T00:33:51.490000+01:00,F4764,dummy_user_1,2.6,0
2019-11-12T01:34:03.635000+01:00,F4764,dummy_user_1,2.6,0
2019-11-12T02:34:16.887000+01:00,F4764,dummy_user_1,2.6,0
2019-11-12T03:34:30.210000+01:00,F4764,dummy_user_1,2.6,0
2019-11-12T04:34:42.466000+01:00,F4764,dummy_user_1,2.6,0
2019-11-12T05:34:58.983000+01:00,F4764,dummy_user_1,2.6,0
2019-11-12T06:35:09.402000+01:00,F4764,dummy_user_1,2.6,0
2019-11-12T07:35:22.144000+01:00,F4764,dummy_user_1,2.6,1
2019-11-12T08:35:35.344000+01:00,F4764,dummy_user_1,2.6,20
2019-11-12T09:35:49.191000+01:00,F4764,dummy_user_1,2.6,13
2019-11-12T10:36:00.012000+01:00,F4764,dummy_user_1,2.6,73
2019-11-12T11:36:13.053000+01:00,F4764,dummy_user_1,2.6,84
2019-11-12T12:36:25.114000+01:00,F4764,dummy_user_1,2.6,9
2019-11-12T13:36:37.746000+01:00,F4764,dummy_user_1,2.6,8
2019-11-12T14:36:50.333000+01:00,F4764,dummy_user_1,2.6,54
2019-11-12T15:37:04.561000+01:00,F4764,dummy_user_1,2.6,62
2019-11-12T16:37:19.913000+01:00,F4764,dummy_user_1,2.6,54
2019-11-12T17:37:30.154000+01:00,F4764,dummy_user_1,2.6,0
2019-11-12T18:37:44.604000+01:00,F4764,dummy_user_1,2.6,26
2019-11-12T19:37:54.585000+01:00,F4764,dummy_user_1,2.6,32
2019-11-12T20:38:07.538000+01:00,F4764,dummy_user_1,2.6,11
2019-11-12T21:38:21.194000+01:00,F4764,dummy_user_1,2.6,24
2019-11-12T22:38:35.925000+01:00,F4764,dummy_user_1,2.6,41
2019-11-12T23:38:45.346000+01:00,F4764,dummy_user_1,2.6,3
2019-11-13T00:38:58.607000+01:00,F4764,dummy_user_1,2.6,0
2019-11-13T01:39:11.840000+01:00,F4764,dummy_user_1,2.6,3
2019-11-13T02:39:25.385000+01:00,F4764,dummy_user_1,2.6,0
2019-11-13T03:39:36.931000+01:00,F4764,dummy_user_1,2.6,0
2019-11-13T04:39:50.648000+01:00,F4764,dummy_user_1,2.6,0
2019-11-13T05:40:03.969000+01:00,F4764,dummy_user_1,2.6,0
2019-11-13T06:40:15.876000+01:00,F4764,dummy_user_1,2.6,0
2019-11-13T07:40:29.089000+01:00,F4764,dummy_user_1,2.6,0
2019-11-13T08:40:41.773000+01:00,F4764,dummy_user_1,2.6,27
2019-11-13T09:40:57.433000+01:00,F4764,dummy_user_1,2.6,4
2019-11-13T10:41:08.147000+01:00,F4764,dummy_user_1,2.6,97
2019-11-13T11:41:22.290000+01:00,F4764,dummy_user_1,2.6,29
2019-11-13T12:41:36.038000+01:00,F4764,dummy_user_1,2.6,16
2019-11-13T13:41:46.321000+01:00,F4764,dummy_user_1,2.6,10
2019-11-13T14:42:01.826000+01:00,F4764,dummy_user_1,2.6,92
2019-11-13T15:42:11.624000+01:00,F4764,dummy_user_1,2.6,88
2019-11-13T16:42:23.969000+01:00,F4764,dummy_user_1,2.6,15
2019-11-13T17:42:36.286000+01:00,F4764,dummy_user_1,2.6,36
2019-11-13T18:42:49.038000+01:00,F4764,dummy_user_1,2.6,72
2019-11-13T19:43:01.705000+01:00,F4764,dummy_user_1,2.6,13
2019-11-13T20:43:14.316000+01:00,F4764,dummy_user_1,2.6,7
2019-11-13T21:43:26.824000+01:00,F4764,dummy_user_1,2.6,14
2019-11-13T22:43:39.866000+01:00,F4764,dummy_user_1,2.6,20
2019-11-13T23:43:52.303000+01:00,F4764,dummy_user_1,2.6,5
2019-11-14T00:44:05.118000+01:00,F4764,dummy_user_1,2.6,2
2019-11-14T01:44:18.351000+01:00,F4764,dummy_user_1,2.6,0
2019-11-14T02:44:30.242000+01:00,F4764,dummy_user_1,2.6,0
2019-11-14T03:44:42.485000+01:00,F4764,dummy_user_1,2.6,0
2019-11-14T04:44:55.805000+01:00,F4764,dummy_user_1,2.6,0
2019-11-14T05:45:08.603000+01:00,F4764,dummy_user_1,2.6,0
2019-11-14T06:45:20.455000+01:00,F4764,dummy_user_1,2.6,0
2019-11-14T07:45:34.114000+01:00,F4764,dummy_user_1,2.6,0
2019-11-14T08:45:46.759000+01:00,F4764,dummy_user_1,2.6,14
2019-11-14T09:45:59.623000+01:00,F4764,dummy_user_1,2.6,16
2019-11-14T10:46:13.059000+01:00,F4764,dummy_user_1,2.6,106
2019-11-14T11:46:25.014000+01:00,F4764,dummy_user_1,2.6,31
2019-11-14T12:46:37.438000+01:00,F4764,dummy_user_1,2.6,20
2019-11-14T13:46:50.819000+01:00,F4764,dummy_user_1,2.6,9
2019-11-14T14:47:03.341000+01:00,F4764,dummy_user_1,2.6,17
2019-11-14T15:47:16.468000+01:00,F4764,dummy_user_1,2.6,17
2019-11-14T16:47:30.023000+01:00,F4764,dummy_user_1,2.6,39
2019-11-14T17:47:41.771000+01:00,F4764,dummy_user_1,2.6,5
2019-11-14T18:47:54.138000+01:00,F4764,dummy_user_1,2.6,0
2019-11-14T19:48:07.059000+01:00,F4764,dummy_user_1,2.6,12
2019-11-14T20:48:21.166000+01:00,F4764,dummy_user_1,2.6,0
2019-11-14T21:48:33.456000+01:00,F4764,dummy_user_1,2.6,3
2019-11-14T22:48:46.131000+01:00,F4764,dummy_user_1,2.6,10
2019-11-14T23:48:58.913000+01:00,F4764,dummy_user_1,2.6,8
2019-11-15T00:49:10.754000+01:00,F4764,dummy_user_1,2.6,0
2019-11-15T01:49:24.143000+01:00,F4764,dummy_user_1,2.6,0
2019-11-15T02:49:37.389000+01:00,F4764,dummy_user_1,2.6,0
2019-11-15T03:49:49.726000+01:00,F4764,dummy_user_1,2.6,0
2019-11-15T04:50:03.299000+01:00,F4764,dummy_user_1,2.6,0
2019-11-15T05:50:16.258000+01:00,F4764,dummy_user_1,2.6,0
2019-11-15T06:50:39.733000+01:00,F4764,dummy_user_1,2.6,0
2019-11-15T07:50:42.405000+01:00,F4764,dummy_user_1,2.6,0
2019-11-15T08:50:55.753000+01:00,F4764,dummy_user_1,2.6,0
2019-11-15T09:51:08.028000+01:00,F4764,dummy_user_1,2.6,14
2019-11-15T10:51:21.035000+01:00,F4764,dummy_user_1,2.6,103
2019-11-15T11:51:37.493000+01:00,F4764,dummy_user_1,2.6,17
2019-11-15T12:51:47.226000+01:00,F4764,dummy_user_1,2.6,14
2019-11-15T13:52:01.339000+01:00,F4764,dummy_user_1,2.6,14
2019-11-15T14:52:13.391000+01:00,F4764,dummy_user_1,2.6,19
2019-11-15T15:52:25.611000+01:00,F4764,dummy_user_1,2.6,46
2019-11-15T16:52:39.141000+01:00,F4764,dummy_user_1,2.6,35
2019-11-15T17:52:54.416000+01:00,F4764,dummy_user_1,2.6,13
2019-11-15T18:53:04.926000+01:00,F4764,dummy_user_1,2.6,8
2019-11-15T19:53:18.872000+01:00,F4764,dummy_user_1,2.6,2
2019-11-15T20:53:31.272000+01:00,F4764,dummy_user_1,2.6,0
2019-11-15T21:53:44.360000+01:00,F4764,dummy_user_1,2.6,7
2019-11-15T22:53:56.148000+01:00,F4764,dummy_user_1,2.6,5
2019-11-15T23:54:09.097000+01:00,F4764,dummy_user_1,2.6,7
2019-11-16T00:54:21.028000+01:00,F4764,dummy_user_1,2.6,0
2019-11-16T01:54:34.154000+01:00,F4764,dummy_user_1,2.6,0
2019-11-16T02:54:47.179000+01:00,F4764,dummy_user_1,2.6,0
2019-11-16T03:54:59.359000+01:00,F4764,dummy_user_1,2.6,0
2019-11-16T04:55:11.224000+01:00,F4764,dummy_user_1,2.6,0
2019-11-16T05:55:25.330000+01:00,F4764,dummy_user_1,2.6,0
2019-11-16T06:55:38.154000+01:00,F4764,dummy_user_1,2.6,0
2019-11-16T07:55:49.144000+01:00,F4764,dummy_user_1,2.6,0
2019-11-16T08:56:03.076000+01:00,F4764,dummy_user_1,2.6,0
2019-11-16T09:56:15.907000+01:00,F4764,dummy_user_1,2.6,11
2019-11-16T10:56:28.730000+01:00,F4764,dummy_user_1,2.6,100
2019-11-16T11:56:40.678000+01:00,F4764,dummy_user_1,2.6,11
2019-11-16T12:56:53.361000+01:00,F4764,dummy_user_1,2.6,11
2019-11-16T13:57:06.302000+01:00,F4764,dummy_user_1,2.6,37
2019-11-16T14:57:19.045000+01:00,F4764,dummy_user_1,2.6,25
2019-11-16T15:57:31.748000+01:00,F4764,dummy_user_1,2.6,18
2019-11-16T16:57:43.523000+01:00,F4764,dummy_user_1,2.6,7
2019-11-16T17:57:55.989000+01:00,F4764,dummy_user_1,2.6,14
2019-11-16T18:58:08.726000+01:00,F4764,dummy_user_1,2.6,7
2019-11-16T19:58:21.042000+01:00,F4764,dummy_user_1,2.6,0
2019-11-16T20:58:33.946000+01:00,F4764,dummy_user_1,2.6,0
2019-11-16T21:58:46.492000+01:00,F4764,dummy_user_1,2.6,6
2019-11-16T22:58:58.495000+01:00,F4764,dummy_user_1,2.6,12
2019-11-16T23:59:11.065000+01:00,F4764,dummy_user_1,2.6,0
2019-11-17T00:59:24.625000+01:00,F4764,dummy_user_1,2.6,0
2019-11-17T01:59:36.489000+01:00,F4764,dummy_user_1,2.6,0
2019-11-17T02:59:48.734000+01:00,F4764,dummy_user_1,2.6,0
2019-11-17T04:00:02.096000+01:00,F4764,dummy_user_1,2.6,0
2019-11-17T05:00:17.624000+01:00,F4764,dummy_user_1,2.6,0
2019-11-17T06:00:26.698000+01:00,F4764,dummy_user_1,2.6,0
2019-11-17T07:00:40.042000+01:00,F4764,dummy_user_1,2.6,0
2019-11-17T08:00:52.511000+01:00,F4764,dummy_user_1,2.6,0
2019-11-17T09:01:08.245000+01:00,F4764,dummy_user_1,2.6,9
2019-11-17T10:01:20.463000+01:00,F4764,dummy_user_1,2.6,22
2019-11-17T11:01:32.471000+01:00,F4764,dummy_user_1,2.6,70
2019-11-17T12:01:44.673000+01:00,F4764,dummy_user_1,2.6,13
2019-11-17T13:01:58.199000+01:00,F4764,dummy_user_1,2.6,6
2019-11-17T15:02:25.815000+01:00,F4764,dummy_user_1,2.6,26
2019-11-17T16:02:35.970000+01:00,F4764,dummy_user_1,2.6,0
2019-11-17T17:02:49.957000+01:00,F4764,dummy_user_1,2.6,13
2019-11-17T18:03:02.008000+01:00,F4764,dummy_user_1,2.6,29
2019-11-17T19:03:14.551000+01:00,F4764,dummy_user_1,2.6,0
2019-11-17T20:03:26.845000+01:00,F4764,dummy_user_1,2.6,0
2019-11-17T21:03:39.764000+01:00,F4764,dummy_user_1,2.6,0
2019-11-17T22:03:52.075000+01:00,F4764,dummy_user_1,2.6,23
2019-11-14T13:31:40.808000+01:00,F46C2,dummy_user_3,3.1,0
2019-11-14T14:31:50.856000+01:00,F46C2,dummy_user_3,3.1,172
2019-11-14T15:32:03.571000+01:00,F46C2,dummy_user_3,3.1,174
2019-11-14T16:32:15.721000+01:00,F46C2,dummy_user_3,3.1,25
2019-11-14T17:32:28.472000+01:00,F46C2,dummy_user_3,3.1,53
2019-11-14T18:32:41.038000+01:00,F46C2,dummy_user_3,3.1,135
2019-11-14T19:32:53.912000+01:00,F46C2,dummy_user_3,3.1,59
2019-11-14T20:33:05.835000+01:00,F46C2,dummy_user_3,3.1,144
2019-11-14T21:33:17.988000+01:00,F46C2,dummy_user_3,3.1,102
2019-11-14T22:33:31.457000+01:00,F46C2,dummy_user_3,3.1,148
2019-11-14T23:33:44.036000+01:00,F46C2,dummy_user_3,3.1,0
2019-11-15T00:33:57.453000+01:00,F46C2,dummy_user_3,3.1,0
2019-11-15T01:34:09.924000+01:00,F46C2,dummy_user_3,3.1,0
2019-11-15T02:34:23.763000+01:00,F46C2,dummy_user_3,3.1,0
2019-11-15T03:34:35.873000+01:00,F46C2,dummy_user_3,3.1,0
2019-11-15T04:34:49.264000+01:00,F46C2,dummy_user_3,3.1,0
2019-11-15T05:35:01.779000+01:00,F46C2,dummy_user_3,3.1,0
2019-11-15T06:35:15.226000+01:00,F46C2,dummy_user_3,3.1,0
2019-11-15T07:35:28.411000+01:00,F46C2,dummy_user_3,3.1,13
2019-11-15T08:35:40.770000+01:00,F46C2,dummy_user_3,3.1,0
2019-11-15T09:35:54.053000+01:00,F46C2,dummy_user_3,3.1,65
2019-11-15T10:36:06.931000+01:00,F46C2,dummy_user_3,3.1,72
2019-11-15T11:36:20.266000+01:00,F46C2,dummy_user_3,3.1,255
2019-11-15T12:36:33.383000+01:00,F46C2,dummy_user_3,3.1,255
2019-11-15T13:36:45.618000+01:00,F46C2,dummy_user_3,3.1,215
2019-11-15T14:36:57.805000+01:00,F46C2,dummy_user_3,3.1,128
2019-11-15T15:37:11.012000+01:00,F46C2,dummy_user_3,3.1,255
2019-11-15T16:37:24.290000+01:00,F46C2,dummy_user_3,3.1,1
2019-11-15T17:37:36.362000+01:00,F46C2,dummy_user_3,3.1,101
2019-11-15T18:37:48.946000+01:00,F46C2,dummy_user_3,3.1,123
2019-11-15T19:38:01.777000+01:00,F46C2,dummy_user_3,3.1,111
2019-11-15T20:38:14.906000+01:00,F46C2,dummy_user_3,3.1,197
2019-11-15T21:38:27.708000+01:00,F46C2,dummy_user_3,3.1,113
2019-11-15T22:38:40.962000+01:00,F46C2,dummy_user_3,3.1,157
2019-11-15T23:38:53.453000+01:00,F46C2,dummy_user_3,3.1,0
2019-11-16T00:39:05.935000+01:00,F46C2,dummy_user_3,3.1,0
2019-11-16T01:39:18.404000+01:00,F46C2,dummy_user_3,3.1,0
2019-11-16T02:39:30.814000+01:00,F46C2,dummy_user_3,3.1,0
2019-11-16T03:39:43.731000+01:00,F46C2,dummy_user_3,3.1,0
2019-11-16T04:39:55.806000+01:00,F46C2,dummy_user_3,3.1,0
2019-11-16T05:40:09.291000+01:00,F46C2,dummy_user_3,3.1,0
2019-11-16T06:40:21.637000+01:00,F46C2,dummy_user_3,3.1,8
2019-11-16T07:40:35.166000+01:00,F46C2,dummy_user_3,3.1,0
2019-11-16T08:40:47.403000+01:00,F46C2,dummy_user_3,3.1,6
2019-11-16T09:41:00.127000+01:00,F46C2,dummy_user_3,3.1,31
2019-11-16T10:41:12.540000+01:00,F46C2,dummy_user_3,3.1,98
2019-11-16T11:41:26.030000+01:00,F46C2,dummy_user_3,3.1,0
2019-11-16T12:41:39.291000+01:00,F46C2,dummy_user_3,3.1,79
2019-11-16T13:41:51.348000+01:00,F46C2,dummy_user_3,3.1,255
2019-11-16T14:42:03.993000+01:00,F46C2,dummy_user_3,3.1,56
2019-11-16T15:42:16.725000+01:00,F46C2,dummy_user_3,3.1,86
2019-11-16T16:42:30.149000+01:00,F46C2,dummy_user_3,3.1,0
2019-11-16T17:42:42.574000+01:00,F46C2,dummy_user_3,3.1,0
2019-11-16T18:42:56.138000+01:00,F46C2,dummy_user_3,3.1,138
2019-11-16T19:43:09.125000+01:00,F46C2,dummy_user_3,3.1,38
2019-11-16T20:43:21.810000+01:00,F46C2,dummy_user_3,3.1,65
2019-11-16T21:43:34.689000+01:00,F46C2,dummy_user_3,3.1,101
2019-11-16T22:43:47.735000+01:00,F46C2,dummy_user_3,3.1,196
2019-11-16T23:44:01.249000+01:00,F46C2,dummy_user_3,3.1,0
2019-11-17T00:44:13.552000+01:00,F46C2,dummy_user_3,3.1,0
2019-11-17T01:44:26.891000+01:00,F46C2,dummy_user_3,3.1,0
2019-11-17T02:44:39.418000+01:00,F46C2,dummy_user_3,3.1,0
2019-11-17T03:44:52.925000+01:00,F46C2,dummy_user_3,3.1,0
2019-11-17T04:45:05.282000+01:00,F46C2,dummy_user_3,3.1,0
2019-11-17T05:45:24.262000+01:00,F46C2,dummy_user_3,3.1,0
2019-11-17T06:45:32.238000+01:00,F46C2,dummy_user_3,3.1,9
2019-11-17T07:45:44.294000+01:00,F46C2,dummy_user_3,3.1,0
2019-11-17T08:45:57.708000+01:00,F46C2,dummy_user_3,3.1,0
2019-11-17T09:46:10.637000+01:00,F46C2,dummy_user_3,3.1,44
2019-11-17T10:46:23.413000+01:00,F46C2,dummy_user_3,3.1,147
2019-11-17T11:46:36.590000+01:00,F46C2,dummy_user_3,3.1,142
2019-11-17T12:46:49.309000+01:00,F46C2,dummy_user_3,3.1,157
2019-11-17T13:47:02.450000+01:00,F46C2,dummy_user_3,3.1,117
2019-11-17T14:47:15.934000+01:00,F46C2,dummy_user_3,3.1,123
2019-11-17T15:47:28.607000+01:00,F46C2,dummy_user_3,3.1,64
2019-11-17T16:47:41.004000+01:00,F46C2,dummy_user_3,3.1,0
2019-11-17T17:47:53.701000+01:00,F46C2,dummy_user_3,3.1,152
2019-11-17T18:48:06.164000+01:00,F46C2,dummy_user_3,3.1,255
2019-11-17T19:48:18.065000+01:00,F46C2,dummy_user_3,3.1,81
2019-11-17T20:48:30.560000+01:00,F46C2,dummy_user_3,3.1,112
2019-11-17T21:48:43.589000+01:00,F46C2,dummy_user_3,3.1,70
